SMILES,HOMO,LUMO,S1,S2
Cc1ccc2c(c1)B1c3sc4cccc(N(c5ccccc5)c5ccccc5)c4c3N(c3cccc(C(C)(C)C)c3)c3cc(N(c4ccccc4)c4ccccc4)cc(c31)N2c1ccc2oc3ccccc3c2c1,-4.995255470275879,-1.7450830936431885,2.273744821548462,2.6421377658843994
Cc1ccc2c(c1)B1c3sc4ccc(N(c5ccccc5)c5ccccc5)cc4c3N(c3cccc(C(C)(C)C)c3)c3cc(N(c4ccccc4)c4ccccc4)cc(c31)N2c1ccc2c(c1)oc1ccccc12,-4.895782470703125,-1.567544937133789,2.4617202281951904,2.8459932804107666
Cc1cc2c3c(c1)N1c4ccc(C(C)(C)C)cc4-c4cc(C(C)(C)C)cc5sc(c1c45)B3c1cc(C(C)(C)C)ccc1N2c1ccc(C(C)(C)C)cc1,-4.688637733459473,-1.5440460443496704,2.307461738586426,2.885223865509033
CC(C)(C)c1cccc(N2c3cc(-n4c5ccccc5c5ccccc54)cc4c3B(c3cc5nc(-c6ccc7sc8ccccc8c7c6)n(-c6cccc(C(C)(C)C)c6)c5cc3N4c3cccc4sc5ccccc5c34)c3sc4ccccc4c32)c1,-4.969574451446533,-1.8227835893630981,2.4362311363220215,2.772695302963257
CC(C)(C)c1cccc(N2c3cc(N(c4ccccc4)c4ccccc4)cc4c3B(c3ccc(N(c5ccccc5)c5ccccc5)cc3N4c3cccc4sc5ccccc5c34)c3sc4ccc(C(C)(C)C)cc4c32)c1,-4.927684783935547,-1.4994540214538574,2.7193820476531982,2.995004415512085
CC(C)(C)c1cccc(N2c3cc(N(c4ccccc4)c4ccccc4)cc4c3B(c3ccc(N(c5ccccc5)c5ccccc5)cc3N4c3ccc4sc5ccccc5c4c3)c3sc4ccc(C(C)(C)C)cc4c32)c1,-4.875931262969971,-1.52800714969635,2.51284122467041,2.924807071685791
CC(C)(C)c1cccc(N2c3cc(N(c4ccccc4)c4ccccc4)ccc3B3c4sc5cccc(N(c6ccccc6)c6ccccc6)c5c4N(c4cccc5ccccc45)c4cccc2c43)c1,-4.9962334632873535,-1.8154375553131104,2.1382856369018555,2.6107540130615234
Cc1ccc2sc3c(c2c1)N(c1cccc(C(C)(C)C)c1)c1cc(N(c2ccccc2)c2ccccc2)cc2c1B3c1ccc(N(c3ccccc3)c3ccccc3)cc1N2c1ccc2c(c1)oc1ccccc12,-4.868757724761963,-1.497783899307251,2.5292229652404785,2.912202835083008
CC(C)(C)c1cccc(N2c3cc(N(c4ccccc4)c4ccccc4)ccc3B3c4sc5ccc(N(c6ccccc6)c6ccccc6)cc5c4N(c4cccc5oc6ccccc6c45)c4cccc2c43)c1,-4.896455764770508,-1.554800033569336,2.5551185607910156,2.905055046081543
CC(C)(C)c1ccc(N(c2ccc3c(c2)N(c2ccc(C(C)(C)C)cc2)c2cccc4c2B3c2ccc(N(c3ccc(C(C)(C)C)cc3)c3ccc5oc6ccccc6c5c3)cc2N4c2ccc(C(C)(C)C)cc2)c2ccc3oc4ccccc4c3c2)cc1,-4.829085826873779,-1.4680794477462769,2.755753993988037,2.9888806343078613
Cc1ccc2sc3c(c2c1)N(c1cccc(C(C)(C)C)c1)c1cc(N(c2ccccc2)c2ccccc2)cc2c1B3c1ccc(N(c3ccccc3)c3ccccc3)cc1N2c1ccc2oc3ccccc3c2c1,-4.856590747833252,-1.4762904644012451,2.557494878768921,2.924262762069702
CC(C)(C)c1cccc(N2c3cc(-n4c5ccccc5c5ccccc54)cc4c3B(c3cc5nc(-c6ccc7c(c6)oc6ccccc67)n(-c6cccc(C(C)(C)C)c6)c5cc3N4c3cccc4sc5ccccc5c34)c3sc4ccccc4c32)c1,-4.958390712738037,-1.845910668373108,2.4166100025177,2.7405502796173096
CC(C)(C)c1cccc(N2c3cc(-n4c5ccccc5c5ccccc54)cc4c3B(c3cc5nc(-c6cccc7ccccc67)n(-c6cccc(C(C)(C)C)c6)c5cc3N4c3cccc4sc5ccccc5c34)c3sc4ccccc4c32)c1,-4.967408657073975,-1.8418904542922974,2.3492441177368164,2.742727518081665
CC(C)(C)c1cccc(N2c3cccc4c3B(c3cc5nc(-c6cccc7c6oc6ccccc67)n(-c6cccc(C(C)(C)C)c6)c5cc3N4c3ccc4ccc5cccc6ccc3c4c56)c3sc4ccccc4c32)c1,-4.792195796966553,-2.212151050567627,2.0358641147613525,2.3718020915985107
CC(C)(C)c1cccc(N2c3cc(N(c4ccccc4)c4ccccc4)ccc3B3c4sc5cc(N(c6ccccc6)c6ccccc6)ccc5c4N(c4ccc5c(c4)oc4ccccc45)c4cccc2c43)c1,-4.799928665161133,-1.5541552305221558,2.3862202167510986,2.8467392921447754
CC(C)(C)c1cccc(N2c3cccc4c3B(c3ccc(N(c5ccccc5)c5ccccc5)cc3N4c3cccc4sc5ccccc5c34)c3sc4c(N(c5ccccc5)c5ccccc5)cccc4c32)c1,-4.938438415527344,-1.5336343050003052,2.661848545074463,2.9923582077026367
CC(C)(C)c1cccc(N2c3cc(N(c4ccccc4)c4ccccc4)cc4c3B(c3cc(C(C)(C)C)ccc3N4c3ccc4ccccc4c3)c3sc4c(N(c5ccccc5)c5ccccc5)cccc4c32)c1,-4.884944438934326,-1.5632622241973877,2.4314584732055664,2.8567306995391846
CC(C)(C)c1ccc(N(c2ccc(C(C)(C)C)cc2)c2cc3c(c4oc5ccccc5c24)B2c4c(cccc4N(c4c(F)cccc4F)c4cc(N(c5ccc(C(C)(C)C)cc5)c5ccc(C(C)(C)C)cc5)c5c(oc6ccccc65)c42)N3c2c(F)cccc2F)cc1,-4.930845260620117,-1.6216545104980469,2.7026071548461914,2.9019038677215576
CC(C)(C)c1cccc(N2c3cc(N(c4ccccc4)c4ccccc4)ccc3B3c4sc5ccc(N(c6ccccc6)c6ccccc6)cc5c4N(c4cccc5c4oc4ccccc45)c4cccc2c43)c1,-4.89205265045166,-1.570518136024475,2.451920747756958,2.867413282394409
CC(C)(C)c1cccc(N2c3cccc4c3B(c3cc5nc(-c6ccc7ccccc7c6)n(-c6cccc(C(C)(C)C)c6)c5cc3N4c3ccc4c(c3)oc3ccccc34)c3sc4ccccc4c32)c1,-4.810134410858154,-1.7533107995986938,2.2543327808380127,2.777789831161499
CC(C)(C)c1cccc(N2c3cccc4c3B(c3cc5nc(-c6cccc7oc8ccccc8c67)n(-c6cccc(C(C)(C)C)c6)c5cc3N4c3ccc4ccc5cccc6ccc3c4c56)c3sc4ccccc4c32)c1,-4.771799564361572,-2.203571081161499,2.0709078311920166,2.3536746501922607
CC(C)(C)c1cccc(N2c3cc(N(c4ccccc4)c4ccccc4)cc4c3B(c3cc(C(C)(C)C)ccc3N4c3cccc4c3oc3ccccc34)c3sc4c(N(c5ccccc5)c5ccccc5)cccc4c32)c1,-4.907471656799316,-1.5258629322052002,2.5488688945770264,2.9359233379364014
CC(C)(C)c1cccc(N2c3cc(N(c4ccccc4)c4ccccc4)ccc3B3c4sc5ccc(N(c6ccccc6)c6ccccc6)cc5c4N(c4ccc5c(c4)oc4ccccc45)c4cccc2c43)c1,-4.876108646392822,-1.5978947877883911,2.4075236320495605,2.8285696506500244
CC(C)(C)c1ccc(-c2nc3cc4c(cc3n2-c2cccc(C(C)(C)C)c2)N(c2ccncc2)c2cc(-n3c5ccccc5c5ccccc53)cc3c2B4c2sc4ccccc4c2N3c2cccc(C(C)(C)C)c2)cc1,-4.953611373901367,-1.8296972513198853,2.389291524887085,2.803595542907715
CC(C)(C)c1cccc(N2c3cccc4c3B(c3cc5nc(-c6ccc7oc8ccccc8c7c6)n(-c6cccc(C(C)(C)C)c6)c5cc3N4c3ccccc3F)c3sc4ccccc4c32)c1,-4.846024513244629,-1.7217679023742676,2.373223066329956,2.85355281829834
CC(C)(C)c1cccc(N2c3cccc4c3B(c3cc5nc(-c6ccc7c(c6)oc6ccccc67)n(-c6cccc(C(C)(C)C)c6)c5cc3N4c3ccc4c(c3)oc3ccccc34)c3sc4ccccc4c32)c1,-4.8204569816589355,-1.7532753944396973,2.3503916263580322,2.8448984622955322
CC(C)(C)c1cccc(N2c3cc(-n4c5ccccc5c5ccccc54)cc4c3B(c3cc5nc(-c6ccc7sc8ccccc8c7c6)n(-c6cccc(C(C)(C)C)c6)c5cc3N4c3cccc4c5ccccc5c5ccccc5c34)c3sc4ccccc4c32)c1,-4.885278224945068,-1.8879038095474243,2.3909153938293457,2.637014150619507
CC(C)(C)c1cccc(N2c3cc(-n4c5ccccc5c5ccccc54)cc4c3B(c3cc5nc(-c6ccc7ccccc7c6)n(-c6cccc(C(C)(C)C)c6)c5cc3N4c3ccncc3)c3sc4ccccc4c32)c1,-4.973644256591797,-1.922356128692627,2.213088274002075,2.667656421661377
Cc1ccc2sc3c(c2c1)N(c1cccc(C(C)(C)C)c1)c1cc(N(c2ccccc2)c2ccccc2)cc2c1B3c1ccc(N(c3ccccc3)c3ccccc3)cc1N2c1ccc2ccccc2c1,-4.867084503173828,-1.5203297138214111,2.4535584449768066,2.869290351867676
CC(C)(C)c1cccc(N2c3cccc4c3B(c3cc5nc(-c6cccc7c6oc6ccccc67)n(-c6cccc(C(C)(C)C)c6)c5cc3N4c3cccc4c3c3ccccc3n4-c3ccccc3)c3sc4ccccc4c32)c1,-4.574994087219238,-1.71053946018219,2.1787118911743164,2.6016170978546143
CC(C)(C)c1cccc(N2c3cc4c(cc3B3c5sc6ccccc6c5N(c5cccc(C(C)(C)C)c5)c5cccc2c53)nc(-c2cccc3sc5ccccc5c23)n4-c2cccc(C(C)(C)C)c2)c1,-4.80694055557251,-1.7175984382629395,2.3706912994384766,2.8431100845336914
CC(C)(C)c1ccc(N2c3cccc4c3B(c3cc(N(c5ccc(C(C)(C)C)cc5)c5ccc(C(C)(C)C)cc5)c5c(oc6ccccc65)c3N4c3ccc(C(C)(C)C)cc3)c3c2cc(N(c2ccc(C(C)(C)C)cc2)c2ccc(C(C)(C)C)cc2)c2c3oc3ccccc32)cc1,-4.770181655883789,-1.6575874090194702,2.5054850578308105,2.8494491577148438
CC(C)(C)c1cccc(N2c3cc(N(c4ccccc4)c4ccccc4)ccc3B3c4sc5cc(N(c6ccccc6)c6ccccc6)ccc5c4N(c4cccc5c4oc4ccccc45)c4cccc2c43)c1,-4.805689811706543,-1.5210565328598022,2.4253952503204346,2.8868257999420166
CC(C)(C)c1cccc(N2c3cc(N(c4ccccc4)c4ccccc4)cc4c3B(c3cc(C(C)(C)C)ccc3N4c3ccc4c(c3)oc3ccccc34)c3sc4ccc(N(c5ccccc5)c5ccccc5)cc4c32)c1,-4.886443138122559,-1.5856696367263794,2.4524364471435547,2.836137294769287
CC(C)(C)c1cccc(N2c3cccc4c3B(c3ccc(N(c5ccccc5)c5ccccc5)cc3N4c3cccc4c3oc3ccccc34)c3sc4c(N(c5ccccc5)c5ccccc5)cccc4c32)c1,-4.889369010925293,-1.530129313468933,2.5044164657592773,2.924421787261963
CC(C)(C)c1cccc(N2c3cc4c(cc3B3c5sc6ccccc6c5N(c5cccc(C(C)(C)C)c5)c5cc(-n6c7ccccc7c7ccccc76)cc2c53)nc(-c2cccc3c2oc2ccccc23)n4-c2cccc(C(C)(C)C)c2)c1,-4.932401657104492,-1.7800953388214111,2.410533905029297,2.84549617767334
CC(C)(C)c1cccc(N2c3cc(N(c4ccccc4)c4ccccc4)cc4c3B(c3cc(C(C)(C)C)ccc3N4c3cccc4c3oc3ccccc34)c3sc4cc(N(c5ccccc5)c5ccccc5)ccc4c32)c1,-4.825891971588135,-1.5117264986038208,2.4872853755950928,2.8944039344787598
CC(C)(C)c1ccc(-c2nc3cc4c(cc3n2-c2cccc(C(C)(C)C)c2)N(c2cccc(C(C)(C)C)c2)c2cc(-n3c5ccccc5c5ccccc53)cc3c2B4c2sc4ccccc4c2N3c2cccc(C(C)(C)C)c2)cc1,-4.877078533172607,-1.698330044746399,2.5096213817596436,2.923185348510742
CC(C)(C)c1cccc(N2c3cccc4c3B(c3cc5nc(-c6cccc7ccccc67)n(-c6cccc(C(C)(C)C)c6)c5cc3N4c3ccc(C(F)(F)F)cc3)c3sc4ccccc4c32)c1,-4.961609840393066,-1.9051692485809326,1.9884307384490967,2.6211612224578857
CC(C)(C)c1cccc(N2c3cc(N(c4ccccc4)c4ccccc4)cc4c3B(c3ccc(N(c5ccccc5)c5ccccc5)cc3N4c3ccc4c(c3)oc3ccccc34)c3sc4ccc(C(C)(C)C)cc4c32)c1,-4.870858192443848,-1.5280338525772095,2.525240182876587,2.9088401794433594
CC(C)(C)c1cccc(N2c3cccc4c3B(c3cc5nc(-c6cccc7sc8ccccc8c67)n(-c6cccc(C(C)(C)C)c6)c5cc3N4c3cccc4c3c3ccccc3n4-c3ccccc3)c3sc4ccccc4c32)c1,-4.5648369789123535,-1.718327522277832,2.224374532699585,2.589319944381714
CC(C)(C)c1ccc(-c2nc3cc4c(cc3n2-c2cccc(C(C)(C)C)c2)N(c2ccc3c(c2)oc2ccccc23)c2cccc3c2B4c2sc4ccccc4c2N3c2cccc(C(C)(C)C)c2)cc1,-4.7707953453063965,-1.675769567489624,2.332463026046753,2.8391730785369873
CC(C)(C)c1cccc(N2c3cccc4c3B(c3cc5nc(-c6ccc7sc8ccccc8c7c6)n(-c6cccc(C(C)(C)C)c6)c5cc3N4c3ccc(C(F)(F)F)cc3)c3sc4ccccc4c32)c1,-4.971056938171387,-1.8872166872024536,2.079996109008789,2.6671271324157715
CC(C)(C)c1cccc(N2c3cc(N(c4ccccc4)c4ccccc4)ccc3B3c4sc5cccc(N(c6ccccc6)c6ccccc6)c5c4N(c4ccc5c(c4)oc4ccccc45)c4cccc2c43)c1,-4.992150783538818,-1.7967920303344727,2.196254014968872,2.616690158843994
c1ccc(N(c2ccccc2)c2cc3c4c(c2)B2c5cc(N(c6ccccc6)c6ccccc6)cc6c5N(CCC6)c5cccc(c52)N4CCC3)cc1,-4.780129909515381,-1.573583960533142,2.4761645793914795,2.8528966903686523
CC(C)(C)c1cccc(N2c3cccc4c3B(c3cc5nc(-c6ccc7c(c6)oc6ccccc67)n(-c6cccc(C(C)(C)C)c6)c5cc3N4c3ccc4ccc5cccc6ccc3c4c56)c3sc4ccccc4c32)c1,-4.766092777252197,-2.223987340927124,2.017251968383789,2.3323006629943848
CC(C)(C)c1ccc(N(c2ccc(C(C)(C)C)cc2)c2cc3c(cc2N(c2ccc(C(C)(C)C)cc2)c2ccc(C(C)(C)C)cc2)N(c2ccc(C(C)(C)C)cc2)c2cccc4c2B3c2cc(N(c3ccc(C(C)(C)C)cc3)c3ccc(C(C)(C)C)cc3)c(N(c3ccc(C(C)(C)C)cc3)c3ccc(C(C)(C)C)cc3)cc2N4c2ccc(C(C)(C)C)cc2)cc1,-4.514214992523193,-1.619297742843628,2.4126272201538086,2.577451705932617
Cc1ccc2c(c1)B1c3sc4ccc(N(c5ccccc5)c5ccccc5)cc4c3N(c3cccc(C(C)(C)C)c3)c3cc(N(c4ccccc4)c4ccccc4)cc(c31)N2c1cccc2c1oc1ccccc12,-4.919452667236328,-1.5394361019134521,2.5231072902679443,2.885406494140625
Cc1ccc2c(c1)B1c3sc4cc(N(c5ccccc5)c5ccccc5)ccc4c3N(c3cccc(C(C)(C)C)c3)c3cc(N(c4ccccc4)c4ccccc4)cc(c31)N2c1cccc2oc3ccccc3c12,-4.844675064086914,-1.4833974838256836,2.5998294353485107,2.951357364654541
Cc1ccc2c(c1)B1c3sc4ccc(N(c5ccccc5)c5ccccc5)cc4c3N(c3cccc(C(C)(C)C)c3)c3cc(N(c4ccccc4)c4ccccc4)cc(c31)N2c1ccc(C(C)(C)C)cc1,-4.890367031097412,-1.4806009531021118,2.6169705390930176,2.980694532394409
CC(C)(C)c1cccc(N2c3cccc4c3B(c3cc5nc(-c6cccc7ccccc67)n(-c6cccc(C(C)(C)C)c6)c5cc3N4c3ccccc3F)c3sc4ccccc4c32)c1,-4.850732326507568,-1.7612873315811157,2.222071886062622,2.8003852367401123
Cc1ccc2sc3c(c2c1)N(c1cccc(C(C)(C)C)c1)c1cc(N(c2ccccc2)c2ccccc2)cc2c1B3c1ccc(N(c3ccccc3)c3ccccc3)cc1N2c1cccc2ccccc12,-4.857010841369629,-1.5136642456054688,2.4521265029907227,2.878109931945801
CC(C)(C)c1cccc(N2c3cc(N(c4ccccc4)c4ccccc4)cc4c3B(c3cc(C(C)(C)C)ccc3N4c3ccc4oc5ccccc5c4c3)c3sc4cccc(N(c5ccccc5)c5ccccc5)c4c32)c1,-4.984032154083252,-1.7684855461120605,2.259690523147583,2.628983497619629
CC(C)(C)c1cccc(N2c3cc(-n4c5ccccc5c5ccccc54)cc4c3B(c3cc5nc(-c6ccc7oc8ccccc8c7c6)n(-c6cccc(C(C)(C)C)c6)c5cc3N4c3cccc4c5ccccc5c5ccccc5c34)c3sc4ccccc4c32)c1,-4.869465351104736,-1.8673793077468872,2.445974111557007,2.643617868423462
CC(C)(C)c1ccc(N(c2ccc(C(C)(C)C)cc2)c2cc3c(cc2N(c2ccc(C(C)(C)C)cc2)c2ccc(C(C)(C)C)cc2)N(c2ccc(C(C)(C)C)cc2)c2cccc4c2B3c2cc(C(C)(C)C)ccc2N4c2ccc(C(C)(C)C)cc2)cc1,-4.636573314666748,-1.5180782079696655,2.5295026302337646,2.916729688644409
Cc1ccc2c(c1)B1c3sc4cc(N(c5ccccc5)c5ccccc5)ccc4c3N(c3cccc(C(C)(C)C)c3)c3cc(N(c4ccccc4)c4ccccc4)cc(c31)N2c1cccc2ccccc12,-4.8082427978515625,-1.5564543008804321,2.3458359241485596,2.8266496658325195
CC(C)(C)c1cccc(N2c3cccc4c3B(c3ccc(N(c5ccccc5)c5ccccc5)cc3N4c3ccc4c(c3)oc3ccccc34)c3sc4c(N(c5ccccc5)c5ccccc5)cccc4c32)c1,-4.867587089538574,-1.5604370832443237,2.4429986476898193,2.8841042518615723
Cc1ccc2c(c1)B1c3sc4cc(N(c5ccccc5)c5ccccc5)ccc4c3N(c3cccc(C(C)(C)C)c3)c3cc(N(c4ccccc4)c4ccccc4)cc(c31)N2c1ccc2c(c1)oc1ccccc12,-4.820309162139893,-1.5239800214767456,2.439758539199829,2.8636066913604736
CC(C)(C)c1cccc(N2c3cc(N(c4ccccc4)c4ccccc4)ccc3B3c4sc5ccc(N(c6ccccc6)c6ccccc6)cc5c4N(c4ccc5ccccc5c4)c4cccc2c43)c1,-4.872193336486816,-1.6020680665969849,2.3600518703460693,2.8024842739105225
CC(C)(C)c1cccc(N2c3cc(-n4c5ccccc5c5ccccc54)cc4c3B(c3cc5nc(-c6ccc7ccccc7c6)n(-c6cccc(C(C)(C)C)c6)c5cc3N4c3cccc4c5ccccc5c5ccccc5c34)c3sc4ccccc4c32)c1,-4.812923431396484,-1.8586773872375488,2.2917332649230957,2.5888350009918213
CC(C)(C)c1ccc(N(c2ccc(C(C)(C)C)cc2)c2ccc3c(c2)B2c4c(cccc4N(c4ccc(C(C)(C)C)cc4)c4ccc5c(oc6ccccc65)c42)N3c2ccc(C(C)(C)C)cc2)cc1,-4.707840442657471,-1.4905452728271484,2.4948174953460693,2.9875645637512207
Cc1ccc2c(c1)B1c3sc4cc(N(c5ccccc5)c5ccccc5)ccc4c3N(c3cccc(C(C)(C)C)c3)c3cc(N(c4ccccc4)c4ccccc4)cc(c31)N2c1ccc2sc3ccccc3c2c1,-4.821990013122559,-1.535333275794983,2.409740924835205,2.8668367862701416
CC(C)(C)c1ccc(N2c3cc(N(c4cccc(-c5ccccc5)c4)c4cccc(-c5ccccc5)c4)ccc3B3c4sc5ccc(C(C)(C)C)cc5c4N(c4ccc(C(C)(C)C)cc4)c4cc(N(c5ccccc5)c5ccccc5)cc2c43)cc1,-4.841542720794678,-1.4668538570404053,2.570692300796509,2.9213900566101074
CC(C)(C)c1cccc(N2c3cc(N(c4ccccc4)c4ccccc4)cc4c3B(c3ccc(N(c5ccccc5)c5ccccc5)cc3N4c3cccc4oc5ccccc5c34)c3sc4ccc(C(C)(C)C)cc4c32)c1,-4.903318881988525,-1.4857549667358398,2.699690818786621,2.9876766204833984
CC(C)(C)c1cccc(N2c3cc(N(c4ccccc4)c4ccccc4)cc4c3B(c3ccc(N(c5ccccc5)c5ccccc5)cc3N4c3ccc4ccccc4c3)c3sc4ccc(C(C)(C)C)cc4c32)c1,-4.869842529296875,-1.5395351648330688,2.4715917110443115,2.8822970390319824
CC(C)(C)c1cccc(N2c3cc(N(c4ccccc4)c4ccccc4)cc4c3B(c3cc(C(C)(C)C)ccc3N4c3ccc4sc5ccccc5c4c3)c3sc4ccc(N(c5ccccc5)c5ccccc5)cc4c32)c1,-4.894662857055664,-1.5829198360443115,2.4514312744140625,2.8532159328460693
Cc1ccc2c(c1)B1c3sc4cc(N(c5ccccc5)c5ccccc5)ccc4c3N(c3cccc(C(C)(C)C)c3)c3cc(N(c4ccccc4)c4ccccc4)cc(c31)N2c1cccc2sc3ccccc3c12,-4.885003089904785,-1.5125693082809448,2.602832078933716,2.9349350929260254
c1ccc(-c2ccc(N(c3ccc(-c4ccccc4)cc3)c3cc4c5c(c3)B3c6cc(N(c7ccc(-c8ccccc8)cc7)c7ccc(-c8ccccc8)cc7)cc7c6N(CC7)c6cccc(c63)N5CC4)cc2)cc1,-4.8134236335754395,-1.6425398588180542,2.318375825881958,2.661203622817993
Cc1ccc2c(c1)B1c3sc4cc(N(c5ccccc5)c5ccccc5)ccc4c3N(c3cccc(C(C)(C)C)c3)c3cc(N(c4ccccc4)c4ccccc4)cc(c31)N2c1ccc2oc3ccccc3c2c1,-4.798182487487793,-1.5096592903137207,2.4498605728149414,2.866377353668213
CC(C)(C)c1cccc(N2c3cc(N(c4ccccc4)c4ccccc4)ccc3B3c4sc5cc(N(c6ccccc6)c6ccccc6)ccc5c4N(c4ccc5sc6ccccc6c5c4)c4cccc2c43)c1,-4.7980451583862305,-1.5551319122314453,2.3669161796569824,2.862541675567627
CC(C)(C)c1cccc(N2c3cc(-n4c5ccccc5c5ccccc54)cc4c3B(c3cc5nc(-c6ccc7ccccc7c6)n(-c6cccc(C(C)(C)C)c6)c5cc3N4c3cccc4sc5ccccc5c34)c3sc4ccccc4c32)c1,-4.93878173828125,-1.840706467628479,2.3475489616394043,2.725947856903076
Cc1ccc2c(c1)B1c3sc4cccc(N(c5ccccc5)c5ccccc5)c4c3N(c3cccc(C(C)(C)C)c3)c3cc(N(c4ccccc4)c4ccccc4)cc(c31)N2c1ccc(C(C)(C)C)cc1,-4.9985151290893555,-1.6774966716766357,2.3961122035980225,2.762274980545044
CC(C)(C)c1cccc(N2c3cc(N(c4ccccc4)c4ccccc4)cc4c3B(c3cc(C(C)(C)C)ccc3N4c3ccc4c(c3)oc3ccccc34)c3sc4cccc(N(c5ccccc5)c5ccccc5)c4c32)c1,-4.998037815093994,-1.7820658683776855,2.239656925201416,2.6238908767700195
CC(C)(C)c1cccc(N2c3cc(N(c4ccccc4)c4ccccc4)ccc3B3c4sc5cccc(N(c6ccccc6)c6ccccc6)c5c4N(c4ccc5sc6ccccc6c5c4)c4cccc2c43)c1,-4.992071151733398,-1.7959232330322266,2.1787962913513184,2.6304709911346436
CC(C)(C)c1cccc(-c2nc3cc4c(cc3n2-c2cccc(C(C)(C)C)c2)N(c2ccccc2F)c2cccc3c2B4c2sc4ccccc4c2N3c2cccc(C(C)(C)C)c2)c1,-4.799134731292725,-1.6904863119125366,2.354233503341675,2.900926351547241
c1ccc(-c2ccccc2N2CCN3c4cccc5c4B(c4cccc2c43)c2cccc3c2N5CCN3c2ccccc2-c2ccccc2)cc1,-4.921519756317139,-1.4851168394088745,2.5060787200927734,2.9065535068511963
CC(C)(C)c1cccc(N2c3cc(N(c4ccccc4)c4ccccc4)ccc3B3c4sc5cc(N(c6ccccc6)c6ccccc6)ccc5c4N(c4cccc5ccccc45)c4cccc2c43)c1,-4.786151885986328,-1.5814622640609741,2.3014638423919678,2.8333027362823486
CC(C)(C)c1cccc(N2c3cc4c(cc3B3c5sc6ccccc6c5N(c5cccc(C(C)(C)C)c5)c5cccc2c53)nc(-c2ccc3sc5ccccc5c3c2)n4-c2cccc(C(C)(C)C)c2)c1,-4.81681489944458,-1.705293893814087,2.324995517730713,2.854222297668457
CC(C)(C)c1ccc(-c2cc3c(c4oc5ccccc5c24)B2c4ccc(N(c5ccc(C(C)(C)C)cc5)c5ccc(C(C)(C)C)cc5)cc4N(c4ccc(C(C)(C)C)cc4)c4cccc(c42)N3c2ccc(C(C)(C)C)cc2)cc1,-4.842684268951416,-1.5319098234176636,2.614753246307373,2.933720588684082
CC(C)(C)c1cccc(N2c3cccc4c3B(c3cc5nc(-c6ccc7sc8ccccc8c7c6)n(-c6cccc(C(C)(C)C)c6)c5cc3N4c3ccc4ccc5cccc6ccc3c4c56)c3sc4ccccc4c32)c1,-4.791019439697266,-2.2258310317993164,2.0236682891845703,2.351990222930908
CC(C)(C)c1cccc(N2c3cc(-n4c5ccccc5c5ccccc54)cc4c3B(c3cc5nc(-c6cccc7oc8ccccc8c67)n(-c6cccc(C(C)(C)C)c6)c5cc3N4c3cccc4sc5ccccc5c34)c3sc4ccccc4c32)c1,-4.980806350708008,-1.8576180934906006,2.467252254486084,2.762503147125244
CC(C)N(c1cc2c3c(c1)B1c4cc(N(C(C)C)C(C)C)cc5c4N(CC5)c4cc(N(c5ccccc5)c5ccccc5)cc(c41)N3CC2)C(C)C,-4.688211441040039,-1.3972753286361694,2.4231817722320557,2.9764065742492676
CC(C)(C)c1cccc(N2c3cccc4c3B(c3cc5nc(-c6ccc7ccccc7c6)n(-c6cccc(C(C)(C)C)c6)c5cc3N4c3ccc4ccc5cccc6ccc3c4c56)c3sc4ccccc4c32)c1,-4.7204999923706055,-2.1988492012023926,1.9258676767349243,2.2983484268188477
CC(C)(C)c1cccc(N2c3cc(N(c4ccccc4)c4ccccc4)ccc3B3c4sc5ccc(N(c6ccccc6)c6ccccc6)cc5c4N(c4ccc5sc6ccccc6c5c4)c4cccc2c43)c1,-4.880605220794678,-1.5825284719467163,2.4127066135406494,2.851990222930908
CC(C)(C)c1cccc(N2c3cc(-n4c5ccccc5c5ccccc54)cc4c3B(c3cc5nc(-c6ccc7c(c6)oc6ccccc67)n(-c6cccc(C(C)(C)C)c6)c5cc3N4c3cccc4c5ccccc5c5ccccc5c34)c3sc4ccccc4c32)c1,-4.852270603179932,-1.8767238855361938,2.3917236328125,2.6252501010894775
Cc1ccc2c(c1)B1c3sc4c(N(c5ccccc5)c5ccccc5)cccc4c3N(c3cccc(C(C)(C)C)c3)c3cc(N(c4ccccc4)c4ccccc4)cc(c31)N2c1cccc2oc3ccccc3c12,-4.929816246032715,-1.4858176708221436,2.683946371078491,2.9961724281311035
CC(C)(C)c1cccc(N2c3cc(N(c4ccccc4)c4ccccc4)ccc3B3c4sc5cc(N(c6ccccc6)c6ccccc6)ccc5c4N(c4cccc5oc6ccccc6c45)c4cccc2c43)c1,-4.814724922180176,-1.514876127243042,2.5198442935943604,2.92478609085083
CC(C)(C)c1ccc(N2c3cc4c5ccccc5n(-c5ccc(C(C)(C)C)cc5)c4cc3B3c4cc(C(C)(C)C)ccc4N(c4ccc(N(c5ccc(C(C)(C)C)cc5)c5ccc(C(C)(C)C)cc5)c5c4oc4ccccc45)c4cccc2c43)cc1,-4.690740585327148,-1.586320400238037,2.500825881958008,2.8918569087982178
CC(C)(C)c1cccc(N2c3cc4c(cc3B3c5sc6ccccc6c5N(c5cccc(C(C)(C)C)c5)c5cc(-n6c7ccccc7c7ccccc76)cc2c53)nc(-c2cccc3sc5ccccc5c23)n4-c2cccc(C(C)(C)C)c2)c1,-4.929895401000977,-1.7891780138015747,2.4662559032440186,2.832960367202759
CC(C)(C)c1cccc(-c2nc3cc4c(cc3n2-c2cccc(C(C)(C)C)c2)N(c2ccc3ccc5cccc6ccc2c3c56)c2cccc3c2B4c2sc4ccccc4c2N3c2cccc(C(C)(C)C)c2)c1,-4.75324821472168,-2.1865170001983643,2.0373623371124268,2.37530255317688
Cc1ccc2c(c1)B1c3sc4ccc(N(c5ccccc5)c5ccccc5)cc4c3N(c3cccc(C(C)(C)C)c3)c3cc(N(c4ccccc4)c4ccccc4)cc(c31)N2c1cccc2sc3ccccc3c12,-4.963607311248779,-1.5484874248504639,2.6442880630493164,2.9244747161865234
CC(C)(C)c1cccc(N2c3cccc4c3B(c3ccc(N(c5ccccc5)c5ccccc5)cc3N4c3ccc4ccccc4c3)c3sc4c(N(c5ccccc5)c5ccccc5)cccc4c32)c1,-4.864288806915283,-1.5715464353561401,2.384758234024048,2.8520114421844482
CC(C)(C)c1cccc(N2c3cccc4c3B(c3cc5nc(-c6cccc7sc8ccccc8c67)n(-c6cccc(C(C)(C)C)c6)c5cc3N4c3ccc4ccc5cccc6ccc3c4c56)c3sc4ccccc4c32)c1,-4.78179931640625,-2.222046375274658,2.050386428833008,2.3331189155578613
CC(C)(C)c1cccc(N2c3cc4c(cc3B3c5sc6ccccc6c5N(c5cccc(C(C)(C)C)c5)c5cccc2c53)nc(-c2ccc3ccccc3c2)n4-c2cccc(C(C)(C)C)c2)c1,-4.782227993011475,-1.72688889503479,2.22746205329895,2.786940097808838
CC(C)(C)c1cccc(N2c3cc(N(c4ccccc4)c4ccccc4)cc4c3B(c3cc(C(C)(C)C)ccc3N4c3cccc4ccccc34)c3sc4c(N(c5ccccc5)c5ccccc5)cccc4c32)c1,-4.878265380859375,-1.57109534740448,2.420797109603882,2.869719982147217
CC(C)(C)c1cccc(N2c3cccc4c3B(c3cc5nc(-c6cccc7oc8ccccc8c67)n(-c6cccc(C(C)(C)C)c6)c5cc3N4c3ccc(C(F)(F)F)cc3)c3sc4ccccc4c32)c1,-4.988654136657715,-1.9262642860412598,2.109600305557251,2.6453397274017334
CC(C)(C)c1cccc(N2c3cccc4c3B(c3cc5nc(-c6cccc7c6oc6ccccc67)n(-c6cccc(C(C)(C)C)c6)c5cc3N4c3ccc(C(F)(F)F)cc3)c3sc4ccccc4c32)c1,-4.958453178405762,-1.8811261653900146,2.0704097747802734,2.677367925643921
CC(C)(C)c1ccc(N(c2cc3c4c(c2)N(c2ccc(C(C)(C)C)cc2)c2c(sc5ccccc25)B4c2ccc(-n4c5ccccc5c5ccccc54)cc2N3c2ccc(C(C)(C)C)cc2)c2ccc3oc4ccccc4c3c2)cc1,-4.978134632110596,-1.6068702936172485,2.6658077239990234,2.9946231842041016
CC(C)(C)c1cccc(N2c3cc(N(c4ccccc4)c4ccccc4)ccc3B3c4sc5cccc(N(c6ccccc6)c6ccccc6)c5c4N(c4cccc(C(C)(C)C)c4)c4cccc2c43)c1,-4.991919994354248,-1.7238781452178955,2.3661205768585205,2.7688183784484863
CC(C)(C)c1cccc(N2c3cc(N(c4ccccc4)c4ccccc4)cc4c3B(c3cc(C(C)(C)C)ccc3N4c3cccc4oc5ccccc5c34)c3sc4c(N(c5ccccc5)c5ccccc5)cccc4c32)c1,-4.920241355895996,-1.508399248123169,2.6712522506713867,2.9817616939544678
CC(C)(C)c1cccc(N2c3cc(-n4c5ccccc5c5ccccc54)cc4c3B(c3cc5nc(-c6cccc7ccccc67)n(-c6cccc(C(C)(C)C)c6)c5cc3N4c3cccc4c5ccccc5c5ccccc5c34)c3sc4ccccc4c32)c1,-4.863835334777832,-1.873704195022583,2.317445993423462,2.6179792881011963
Cc1ccc2c(c1)B1c3sc4ccc(N(c5ccccc5)c5ccccc5)cc4c3N(c3cccc(C(C)(C)C)c3)c3cc(N(c4ccccc4)c4ccccc4)cc(c31)N2c1ccc2oc3ccccc3c2c1,-4.881930828094482,-1.532604455947876,2.502923011779785,2.8602335453033447
CC(C)(C)c1ccc(N(c2ccc(N3c4ccc(N(c5ccc(C(C)(C)C)cc5)c5ccc(C(C)(C)C)cc5)cc4B4c5c3cccc5N(c3ccc(C(C)(C)C)cc3)c3ccc5c(oc6ccccc65)c34)cc2)c2ccc(C(C)(C)C)cc2)cc1,-4.595071792602539,-1.4654426574707031,2.435293674468994,2.8649299144744873
CC(C)(C)c1cccc(N2c3cc(N(c4ccccc4)c4ccccc4)ccc3B3c4sc5ccc(N(c6ccccc6)c6ccccc6)cc5c4N(c4cccc(C(C)(C)C)c4)c4cccc2c43)c1,-4.875545501708984,-1.5207164287567139,2.584639072418213,2.9849843978881836
CC(C)(C)c1cccc(-c2nc3cc4c(cc3n2-c2cccc(C(C)(C)C)c2)N(c2ccncc2)c2cc(-n3c5ccccc5c5ccccc53)cc3c2B4c2sc4ccccc4c2N3c2cccc(C(C)(C)C)c2)c1,-4.965611934661865,-1.8783236742019653,2.3234574794769287,2.7642788887023926
CC(C)(C)c1cccc(N2c3cc(N(c4ccccc4)c4ccccc4)ccc3B3c4sc5cc(N(c6ccccc6)c6ccccc6)ccc5c4N(c4ccc5ccccc5c4)c4cccc2c43)c1,-4.796059608459473,-1.5748692750930786,2.317504644393921,2.8171818256378174
CC(C)(C)c1cccc(N2c3cc(N(c4ccccc4)c4ccccc4)ccc3B3c4sc5cccc(N(c6ccccc6)c6ccccc6)c5c4N(c4ccc5oc6ccccc6c5c4)c4cccc2c43)c1,-4.98269510269165,-1.7765004634857178,2.2295892238616943,2.6313629150390625
CC(C)(C)c1ccc(-c2nc3cc4c(cc3n2-c2cccc(C(C)(C)C)c2)N(c2cccc3c2c2ccccc2n3-c2ccccc2)c2cccc3c2B4c2sc4ccccc4c2N3c2cccc(C(C)(C)C)c2)cc1,-4.518324851989746,-1.623104453086853,2.3047194480895996,2.7035253047943115
CC(C)(C)c1cccc(N2c3cccc4c3B(c3cc5nc(-c6ccc7sc8ccccc8c7c6)n(-c6cccc(C(C)(C)C)c6)c5cc3N4c3ccccc3F)c3sc4ccccc4c32)c1,-4.856746673583984,-1.7404719591140747,2.3194923400878906,2.851480007171631
CC(C)(C)c1cccc(N2c3cc(N(c4ccccc4)c4ccccc4)cc4c3B(c3cc(C(C)(C)C)ccc3N4c3ccc4c(c3)oc3ccccc34)c3sc4cc(N(c5ccccc5)c5ccccc5)ccc4c32)c1,-4.810970783233643,-1.5421054363250732,2.430473804473877,2.853750705718994
Cc1ccc2c(c1)B1c3sc4ccc(N(c5ccccc5)c5ccccc5)cc4c3N(c3cccc(C(C)(C)C)c3)c3cc(N(c4ccccc4)c4ccccc4)cc(c31)N2c1cccc(C(C)(C)C)c1,-4.907655239105225,-1.5071812868118286,2.6049139499664307,2.9671144485473633
CC(C)(C)c1cccc(N2c3cccc4c3B(c3cc5nc(-c6cccc7oc8ccccc8c67)n(-c6cccc(C(C)(C)C)c6)c5cc3N4c3ccc4c(c3)oc3ccccc34)c3sc4ccccc4c32)c1,-4.834449768066406,-1.7735304832458496,2.335989475250244,2.810617208480835
CC(C)(C)c1cccc(N2c3cc(N(c4ccccc4)c4ccccc4)cc4c3B(c3cc(C(C)(C)C)ccc3N4c3cccc4oc5ccccc5c34)c3sc4ccc(N(c5ccccc5)c5ccccc5)cc4c32)c1,-4.915425777435303,-1.5439777374267578,2.623232364654541,2.9177205562591553
CC(C)(C)c1cccc(N2c3cccc4c3B(c3cc5nc(-c6ccc7oc8ccccc8c7c6)n(-c6cccc(C(C)(C)C)c6)c5cc3N4c3cccc4c3c3ccccc3n4-c3ccccc3)c3sc4ccccc4c32)c1,-4.568219184875488,-1.7048068046569824,2.2266716957092285,2.5951120853424072
Cc1ccc2c(c1)B1c3sc4c(N(c5ccccc5)c5ccccc5)cccc4c3N(c3cccc(C(C)(C)C)c3)c3cc(N(c4ccccc4)c4ccccc4)cc(c31)N2c1ccc2sc3ccccc3c2c1,-4.899693489074707,-1.5375471115112305,2.4801976680755615,2.9102256298065186
CC(C)(C)c1cccc(N2c3cc(-n4c5ccccc5c5ccccc54)cc4c3B(c3cc5nc(-c6cccc7c6oc6ccccc67)n(-c6cccc(C(C)(C)C)c6)c5cc3N4c3cccc4sc5ccccc5c34)c3sc4ccccc4c32)c1,-4.964120864868164,-1.8111717700958252,2.4354870319366455,2.781940221786499
Cc1ccc2c(c1)B1c3sc4c(N(c5ccccc5)c5ccccc5)cccc4c3N(c3cccc(C(C)(C)C)c3)c3cc(N(c4ccccc4)c4ccccc4)cc(c31)N2c1ccc2ccccc2c1,-4.894163131713867,-1.5481557846069336,2.4316303730010986,2.857473850250244
CC(C)(C)c1cccc(N2c3cccc4c3B(c3cc5nc(-c6ccc7c(c6)oc6ccccc67)n(-c6cccc(C(C)(C)C)c6)c5cc3N4c3ccc(C(F)(F)F)cc3)c3sc4ccccc4c32)c1,-4.958461761474609,-1.916167974472046,2.076298236846924,2.6497995853424072
Cc1ccc(N2c3cc(C)ccc3B3c4ccc(C)cc4N(c4ccc(C)cc4)c4c3c2cc2sc3ccccc3c42)cc1,-4.908711910247803,-1.6022289991378784,2.300405740737915,2.9542338848114014
c1ccc(N(c2ccccc2)c2cc3c4c(c2)N(c2ccccc2)c2cc5c(cc2B4c2ccccc2N3c2ccccc2)B2c3ccccc3N(c3ccccc3)c3cc(N(c4ccccc4)c4ccccc4)cc(c32)N5c2ccccc2)cc1,-4.994379997253418,-1.5250905752182007,2.860319137573242,2.9813342094421387
CC(C)(C)c1ccc(N2c3cc(N(c4ccc5oc6ccccc6c5c4)c4ccc5oc6ccccc6c5c4)ccc3B3c4sc5ccc(C(C)(C)C)cc5c4N(c4ccc(C(C)(C)C)cc4)c4cc(N(c5ccccc5)c5ccccc5)cc2c43)cc1,-4.829866409301758,-1.4590498208999634,2.720877170562744,2.988048791885376
CC(C)(C)c1cccc(-c2nc3cc4c(cc3n2-c2cccc(C(C)(C)C)c2)N(c2ccc(C(F)(F)F)cc2)c2cccc3c2B4c2sc4ccccc4c2N3c2cccc(C(C)(C)C)c2)c1,-4.921720027923584,-1.8643038272857666,2.0505597591400146,2.6609115600585938
CC(C)(C)c1cccc(N2c3cccc4c3B(c3cc5nc(-c6cccc7sc8ccccc8c67)n(-c6cccc(C(C)(C)C)c6)c5cc3N4c3ccc4c(c3)oc3ccccc34)c3sc4ccccc4c32)c1,-4.812763690948486,-1.7627737522125244,2.2937140464782715,2.756091833114624
Cc1ccc2c(c1)B1c3sc4ccc(N(c5ccccc5)c5ccccc5)cc4c3N(c3cccc(C(C)(C)C)c3)c3cc(N(c4ccccc4)c4ccccc4)cc(c31)N2c1cccc2oc3ccccc3c12,-4.924724578857422,-1.5205297470092773,2.6360654830932617,2.932154655456543
CC(C)(C)c1cccc(N2c3cc(N(c4ccccc4)c4ccccc4)cc4c3B(c3cc(C(C)(C)C)ccc3N4c3ccc4sc5ccccc5c4c3)c3sc4cc(N(c5ccccc5)c5ccccc5)ccc4c32)c1,-4.813770771026611,-1.5541020631790161,2.4075496196746826,2.865452289581299
CC(C)(C)c1ccc(N(c2ccc(C(C)(C)C)cc2)c2ccc3c(c2)N(c2ccc(C(C)(C)C)cc2)c2cccc4c2B3c2cc3nc(-c5ccccc5)n(-c5ccccc5)c3cc2N4c2ccc(C(C)(C)C)cc2)cc1,-4.6660542488098145,-1.4562723636627197,2.5525333881378174,2.920783281326294
CC(C)(C)c1cccc(N2c3cc(N(c4ccccc4)c4ccccc4)cc4c3B(c3cc(C(C)(C)C)ccc3N4c3cccc4sc5ccccc5c34)c3sc4cc(N(c5ccccc5)c5ccccc5)ccc4c32)c1,-4.869629383087158,-1.5243265628814697,2.610379695892334,2.9404749870300293
CC(C)(C)c1cccc(-c2nc3cc4c(cc3n2-c2cccc(C(C)(C)C)c2)N(c2ccc3c(c2)oc2ccccc23)c2cccc3c2B4c2sc4ccccc4c2N3c2cccc(C(C)(C)C)c2)c1,-4.782841205596924,-1.7126288414001465,2.2803804874420166,2.806351900100708
CC(C)(C)c1cccc(N2c3cccc4c3B(c3cc5nc(-c6cccc7ccccc67)n(-c6cccc(C(C)(C)C)c6)c5cc3N4c3ccc4ccc5cccc6ccc3c4c56)c3sc4ccccc4c32)c1,-4.775142192840576,-2.21891713142395,1.9484214782714844,2.3266334533691406
Cc1ccc2c(c1)B1c3sc4c(N(c5ccccc5)c5ccccc5)cccc4c3N(c3cccc(C(C)(C)C)c3)c3cc(N(c4ccccc4)c4ccccc4)cc(c31)N2c1cccc2sc3ccccc3c12,-4.970959663391113,-1.5169647932052612,2.688002586364746,2.983278274536133
CC(C)(C)c1cccc(N2c3cccc4c3B(c3cc5nc(-c6cccc7oc8ccccc8c67)n(-c6cccc(C(C)(C)C)c6)c5cc3N4c3cccc4c3c3ccccc3n4-c3ccccc3)c3sc4ccccc4c32)c1,-4.569732189178467,-1.720329999923706,2.2199432849884033,2.5868494510650635
CC(C)(C)c1cccc(-c2nc3cc4c(cc3n2-c2cccc(C(C)(C)C)c2)N(c2cccc(C(C)(C)C)c2)c2cccc3c2B4c2sc4ccccc4c2N3c2cccc(C(C)(C)C)c2)c1,-4.755431652069092,-1.6496769189834595,2.3742551803588867,2.916874408721924
CC(C)(C)c1cccc(N2c3cccc4c3B(c3cc5nc(-c6ccc7ccccc7c6)n(-c6cccc(C(C)(C)C)c6)c5cc3N4c3ccccc3F)c3sc4ccccc4c32)c1,-4.819934368133545,-1.760276436805725,2.220668077468872,2.7831807136535645
CC(C)(C)c1ccc(N2c3cccc4c3B(c3cc(C(C)(C)C)ccc3N4c3ccccn3)c3c2cc(N(c2ccc(C(C)(C)C)cc2)c2ccc(C(C)(C)C)cc2)c2c3oc3ccccc32)cc1,-4.863675594329834,-1.4528601169586182,2.5126802921295166,2.9561429023742676
CC(C)(C)c1cccc(N2c3cc(N(c4ccccc4)c4ccccc4)cc4c3B(c3cc(C(C)(C)C)ccc3N4c3cccc4sc5ccccc5c34)c3sc4ccc(N(c5ccccc5)c5ccccc5)cc4c32)c1,-4.948761940002441,-1.5641392469406128,2.650315046310425,2.9291234016418457
CC(C)(C)c1ccc(-c2nc3cc4c(cc3n2-c2cccc(C(C)(C)C)c2)N(c2ccc3ccc5cccc6ccc2c3c56)c2cccc3c2B4c2sc4ccccc4c2N3c2cccc(C(C)(C)C)c2)cc1,-4.737565517425537,-2.1494524478912354,2.0840535163879395,2.4040260314941406
c1ccc(N(c2ccccc2)c2cc3c4c(c2)[C@H]2CCCC[C@@H]2N4c2cc(N(c4ccccc4)c4ccccc4)cc4c2B3c2cc(N(c3ccccc3)c3ccccc3)cc3c2N4[C@H]2CCCC[C@@H]32)cc1,-4.755937099456787,-1.5954331159591675,2.487539768218994,2.8108935356140137
CC(C)(C)c1ccc(N2c3ccc(C(C)(C)C)cc3B3c4c2cccc4N(c2ccc(C(C)(C)C)cc2)c2cc(N(c4ccc(C(C)(C)C)cc4)c4ccc(C(C)(C)C)cc4)c4c(oc5cc6ccccc6cc54)c23)cc1,-4.917400360107422,-1.4899331331253052,2.6541357040405273,2.9857921600341797
Cc1ccc2c(c1)B1c3sc4cc(N(c5ccccc5)c5ccccc5)ccc4c3N(c3cccc(C(C)(C)C)c3)c3cc(N(c4ccccc4)c4ccccc4)cc(c31)N2c1cccc2c1oc1ccccc12,-4.834949493408203,-1.4924596548080444,2.496161460876465,2.904470443725586
CC(C)(C)c1cccc(N2c3cc4c(cc3B3c5sc6ccccc6c5N(c5cccc(C(C)(C)C)c5)c5cccc2c53)nc(-c2cccc3c2oc2ccccc23)n4-c2cccc(C(C)(C)C)c2)c1,-4.806745529174805,-1.6996746063232422,2.307468891143799,2.8542943000793457
CC(C)(C)c1cccc(N2c3cccc4c3B(c3cc5nc(-c6ccc7ccccc7c6)n(-c6cccc(C(C)(C)C)c6)c5cc3N4c3cccc4c3c3ccccc3n4-c3ccccc3)c3sc4ccccc4c32)c1,-4.524296283721924,-1.711610198020935,2.0849545001983643,2.540910243988037
CC(C)(C)c1cccc(N2c3cccc4c3B(c3cc5nc(-c6cccc7ccccc67)n(-c6cccc(C(C)(C)C)c6)c5cc3N4c3cccc4c3c3ccccc3n4-c3ccccc3)c3sc4ccccc4c32)c1,-4.560663223266602,-1.7241170406341553,2.0856001377105713,2.5560574531555176
Cc1ccc2c(c1)B1c3sc4ccc(N(c5ccccc5)c5ccccc5)cc4c3N(c3cccc(C(C)(C)C)c3)c3cc(N(c4ccccc4)c4ccccc4)cc(c31)N2c1ccc2sc3ccccc3c2c1,-4.9016265869140625,-1.5602127313613892,2.4542548656463623,2.854708671569824
Cc1ccc2c(c1)B1c3sc4c(N(c5ccccc5)c5ccccc5)cccc4c3N(c3cccc(C(C)(C)C)c3)c3cc(N(c4ccccc4)c4ccccc4)cc(c31)N2c1cccc2c1oc1ccccc12,-4.915828704833984,-1.503099799156189,2.56002140045166,2.9461464881896973
CC(C)(C)c1cccc(N2c3cc(N(c4ccccc4)c4ccccc4)cc4c3B(c3cc(C(C)(C)C)ccc3N4c3ccc4oc5ccccc5c4c3)c3sc4c(N(c5ccccc5)c5ccccc5)cccc4c32)c1,-4.869612693786621,-1.5330153703689575,2.516037940979004,2.903353691101074
CC(C)(C)c1cccc(N2c3cc(N(c4ccccc4)c4ccccc4)cc4c3B(c3cc(C(C)(C)C)ccc3N4c3cccc4oc5ccccc5c34)c3sc4cc(N(c5ccccc5)c5ccccc5)ccc4c32)c1,-4.835040092468262,-1.5035557746887207,2.5884201526641846,2.9377968311309814
CC(C)(C)c1cccc(N2c3cccc4c3B(c3ccc(N(c5ccccc5)c5ccccc5)cc3N4c3cccc4oc5ccccc5c34)c3sc4c(N(c5ccccc5)c5ccccc5)cccc4c32)c1,-4.906120300292969,-1.5149000883102417,2.630800724029541,2.9744462966918945
c1ccc(N(c2ccccc2)c2cc3c4c(c2)B2c5cc(N(c6ccccc6)c6ccccc6)cc6c5N(CC6)c5cccc(c52)N4CC3)cc1,-4.818255424499512,-1.5922839641571045,2.5145516395568848,2.8382408618927
CC(C)(C)c1cccc(N2c3cccc4c3B(c3cc5nc(-c6ccc7c(c6)oc6ccccc67)n(-c6cccc(C(C)(C)C)c6)c5cc3N4c3ccccc3F)c3sc4ccccc4c32)c1,-4.849688529968262,-1.7749607563018799,2.295778274536133,2.8136208057403564
Cc1ccc2sc3c(c2c1)N(c1cccc(C(C)(C)C)c1)c1cc(N(c2ccccc2)c2ccccc2)cc2c1B3c1ccc(N(c3ccccc3)c3ccccc3)cc1N2c1cccc2c1oc1ccccc12,-4.8879852294921875,-1.4560250043869019,2.600482225418091,2.9562408924102783
CC(C)(C)c1ccc(N2c3cc(N(c4ccc(C(C)(C)C)cc4)c4ccc5ccc6cccc7ccc4c5c67)ccc3B3c4cc5c(cc4N(c4ccc(C(C)(C)C)cc4)c4cccc2c43)oc2ccccc25)cc1,-4.839273452758789,-1.9653273820877075,2.413050651550293,2.6187236309051514
CC(C)(C)c1cccc(N2c3cccc4c3B(c3cc5nc(-c6cccc7oc8ccccc8c67)n(-c6cccc(C(C)(C)C)c6)c5cc3N4c3ccccc3F)c3sc4ccccc4c32)c1,-4.87185001373291,-1.770188331604004,2.367077112197876,2.843567371368408
CC(C)(C)c1ccc(N2c3ccc(C(C)(C)C)cc3B3c4sc5ccc(N(c6ccccc6)c6ccccc6)cc5c4N(c4cccc(C(C)(C)C)c4)c4cc(N(c5ccccc5)c5ccccc5)cc2c43)cc1,-4.871719837188721,-1.49708092212677,2.6169559955596924,2.9820473194122314
CC(C)(C)c1cccc(N2c3cccc4c3B(c3cc5nc(-c6cccc7ccccc67)n(-c6cccc(C(C)(C)C)c6)c5cc3N4c3ccc4c(c3)oc3ccccc34)c3sc4ccccc4c32)c1,-4.827754020690918,-1.7529433965682983,2.2471776008605957,2.7920279502868652
CC(C)(C)c1cccc(N2c3cc(-n4c5ccccc5c5ccccc54)cc4c3B(c3cc5nc(-c6ccc7oc8ccccc8c7c6)n(-c6cccc(C(C)(C)C)c6)c5cc3N4c3ccncc3)c3sc4ccccc4c32)c1,-4.999523639678955,-1.886527180671692,2.3628594875335693,2.7273647785186768
Cc1ccc2sc3c(c2c1)N(c1cccc(C(C)(C)C)c1)c1cc(N(c2ccccc2)c2ccccc2)cc2c1B3c1ccc(N(c3ccccc3)c3ccccc3)cc1N2c1ccc2sc3ccccc3c2c1,-4.871761798858643,-1.49423348903656,2.5092525482177734,2.919713020324707
Cc1ccc2sc3c(c2c1)N(c1cccc(C(C)(C)C)c1)c1cc(N(c2ccccc2)c2ccccc2)cc2c1B3c1ccc(N(c3ccccc3)c3ccccc3)cc1N2c1cccc2oc3ccccc3c12,-4.903479099273682,-1.4566981792449951,2.7039005756378174,2.9970176219940186
CC(C)(C)c1cccc(N2c3cc(N(c4ccccc4)c4ccccc4)ccc3B3c4sc5cccc(N(c6ccccc6)c6ccccc6)c5c4N(c4ccc5ccccc5c4)c4cccc2c43)c1,-4.989879131317139,-1.8049074411392212,2.149935007095337,2.593142032623291
CC(C)(C)c1cccc(N2c3cc(N(c4ccccc4)c4ccccc4)ccc3B3c4sc5ccc(N(c6ccccc6)c6ccccc6)cc5c4N(c4cccc5ccccc45)c4cccc2c43)c1,-4.87042236328125,-1.619912028312683,2.3340938091278076,2.8158326148986816
CC(C)(C)c1cccc(-c2nc3cc4c(cc3n2-c2cccc(C(C)(C)C)c2)N(c2cccc3sc5ccccc5c23)c2cc(-n3c5ccccc5c5ccccc53)cc3c2B4c2sc4ccccc4c2N3c2cccc(C(C)(C)C)c2)c1,-4.931398868560791,-1.7774020433425903,2.4788691997528076,2.8248889446258545
CC(C)(C)c1cccc(N2c3ccc(C(C)(C)C)cc3B3c4sc5ccc(N(c6ccccc6)c6ccccc6)cc5c4N(c4cccc(C(C)(C)C)c4)c4cc(N(c5ccccc5)c5ccccc5)cc2c43)c1,-4.892617225646973,-1.5235910415649414,2.608919382095337,2.9714195728302
CC(C)(C)c1cccc(N2c3cc(N(c4ccccc4)c4ccccc4)cc4c3B(c3cc(C(C)(C)C)ccc3N4c3ccc4ccccc4c3)c3sc4cc(N(c5ccccc5)c5ccccc5)ccc4c32)c1,-4.812312126159668,-1.567467451095581,2.356198787689209,2.815999984741211
CC(C)(C)c1ccc(N2c3cc(N(c4ccc(-c5ccccc5)cc4)c4ccc(-c5ccccc5)cc4)ccc3B3c4sc5ccc(C(C)(C)C)cc5c4N(c4ccc(C(C)(C)C)cc4)c4cc(N(c5ccccc5)c5ccccc5)cc2c43)cc1,-4.881706237792969,-1.4678672552108765,2.621201753616333,2.996464252471924
CC(C)(C)c1cccc(N2c3cccc4c3B(c3cc5nc(-c6cccc7c6oc6ccccc67)n(-c6cccc(C(C)(C)C)c6)c5cc3N4c3ccccc3F)c3sc4ccccc4c32)c1,-4.846235752105713,-1.7355680465698242,2.299726724624634,2.8525772094726562
CC(C)(C)c1ccc(N(c2ccc(N(c3ccc(N(c4ccc(C(C)(C)C)cc4)c4ccc(C(C)(C)C)cc4)cc3)c3ccc4c(c3)N(c3ccc(C(C)(C)C)cc3)c3cccc5c3B4c3cc4c(cc3N5c3ccc(C(C)(C)C)cc3)oc3ccccc34)cc2)c2ccc(C(C)(C)C)cc2)cc1,-4.633339881896973,-1.4708428382873535,2.5117197036743164,2.797938823699951
Cc1ccc2c(c1)B1c3sc4ccc(N(c5ccccc5)c5ccccc5)cc4c3N(c3cccc(C(C)(C)C)c3)c3cc(N(c4ccccc4)c4ccccc4)cc(c31)N2c1cccc2ccccc12,-4.892930030822754,-1.5951669216156006,2.3804121017456055,2.810385227203369
CC(C)(C)c1cccc(N2c3cccc4c3B(c3ccc(N(c5ccccc5)c5ccccc5)cc3N4c3ccc4oc5ccccc5c4c3)c3sc4c(N(c5ccccc5)c5ccccc5)cccc4c32)c1,-4.857931137084961,-1.539749026298523,2.4762487411499023,2.89876389503479
CC(C)(C)c1cccc(N2c3cc(N(c4ccccc4)c4ccccc4)cc4c3B(c3cc(C(C)(C)C)ccc3N4c3cccc4sc5ccccc5c34)c3sc4c(N(c5ccccc5)c5ccccc5)cccc4c32)c1,-4.955646991729736,-1.5311458110809326,2.694265604019165,2.9879677295684814
CC(C)(C)c1ccc(N(c2ccc3c(c2)N(c2ccc(C(C)(C)C)cc2)c2cc(N(c4ccccc4)c4ccccc4)cc4c2B3c2sc3ccc(C(C)(C)C)cc3c2N4c2ccc(C(C)(C)C)cc2)c2ccc3oc4ccccc4c3c2)cc1,-4.818326950073242,-1.4378328323364258,2.6712372303009033,2.976569414138794
CC(C)(C)c1cccc(N2c3cccc4c3B(c3cc5nc(-c6ccc7sc8ccccc8c7c6)n(-c6cccc(C(C)(C)C)c6)c5cc3N4c3ccc4c(c3)oc3ccccc34)c3sc4ccccc4c32)c1,-4.824553489685059,-1.735715389251709,2.3202145099639893,2.8215250968933105
CC(C)N(c1cc2c3c(c1)c1c(n3-c3cc(N(c4ccc5ccccc5c4)c4ccc5ccccc5c4)cc4c3B2c2cc(N(C(C)C)C(C)C)cc3c5c(n-4c23)CCCC5)CCCC1)C(C)C,-4.890344142913818,-1.8763190507888794,2.1130928993225098,2.487659454345703
CC(C)(C)c1cccc(N2c3cc(N(c4ccccc4)c4ccccc4)cc4c3B(c3cc(C(C)(C)C)ccc3N4c3ccc4oc5ccccc5c4c3)c3sc4ccc(N(c5ccccc5)c5ccccc5)cc4c32)c1,-4.870707035064697,-1.556006908416748,2.4888687133789062,2.8470799922943115
Cc1ccc2c(c1)B1c3sc4ccc(N(c5ccccc5)c5ccccc5)cc4c3N(c3cccc(C(C)(C)C)c3)c3cc(N(c4ccccc4)c4ccccc4)cc(c31)N2c1ccc2ccccc2c1,-4.896957874298096,-1.5793837308883667,2.3995773792266846,2.8025996685028076
CC(C)(C)c1cccc(N2c3cc4c(cc3B3c5sc6ccccc6c5N(c5cccc(C(C)(C)C)c5)c5cc(-n6c7ccccc7c7ccccc76)cc2c53)nc(-c2ccc3oc5ccccc5c3c2)n4-c2cccc(C(C)(C)C)c2)c1,-4.922990322113037,-1.7551627159118652,2.483180284500122,2.8469550609588623
CC(C)(C)c1cccc(N2c3cc4c(cc3B3c5sc6ccccc6c5N(c5cccc(C(C)(C)C)c5)c5cc(-n6c7ccccc7c7ccccc76)cc2c53)nc(-c2ccc3c(c2)oc2ccccc23)n4-c2cccc(C(C)(C)C)c2)c1,-4.92236328125,-1.7998446226119995,2.408097267150879,2.8100359439849854
CC(C)(C)c1cccc(-c2nc3cc4c(cc3n2-c2cccc(C(C)(C)C)c2)N(c2cccc3c2c2ccccc2n3-c2ccccc2)c2cccc3c2B4c2sc4ccccc4c2N3c2cccc(C(C)(C)C)c2)c1,-4.527997016906738,-1.6624411344528198,2.247908592224121,2.664449691772461
CC(C)(C)c1ccc(N2c3cc(N(c4ccc(C(C)(C)C)cc4)c4ccc5ccc6cccc7ccc4c5c67)ccc3B3c4cc5c(cc4N(c4ccc(C(C)(C)C)cc4)c4cccc2c43)sc2ccccc25)cc1,-4.843778610229492,-1.9765962362289429,2.36773681640625,2.6338655948638916
CC(C)(C)c1cccc(N2c3cccc4c3B(c3cc5nc(-c6cccc7sc8ccccc8c67)n(-c6cccc(C(C)(C)C)c6)c5cc3N4c3ccccc3F)c3sc4ccccc4c32)c1,-4.846860408782959,-1.753053069114685,2.3642001152038574,2.8405025005340576
CC(C)(C)c1cccc(N2c3cc(-n4c5ccccc5c5ccccc54)cc4c3B(c3cc5nc(-c6ccc7c(c6)oc6ccccc67)n(-c6cccc(C(C)(C)C)c6)c5cc3N4c3ccncc3)c3sc4ccccc4c32)c1,-4.998899459838867,-1.9311898946762085,2.287822961807251,2.690438747406006
CC(C)(C)c1ccc(-c2nc3cc4c(cc3n2-c2cccc(C(C)(C)C)c2)N(c2ccccc2F)c2cccc3c2B4c2sc4ccccc4c2N3c2cccc(C(C)(C)C)c2)cc1,-4.798650741577148,-1.641074538230896,2.438307285308838,2.9570837020874023
CC(C)(C)c1ccc(N2c3cccc4c3B(c3c2cc(N(c2ccc(C(C)(C)C)cc2)c2ccc(C(C)(C)C)cc2)c2c3oc3ccccc32)c2cccc3nc(-c5ccccc5)n-4c23)cc1,-4.954198360443115,-1.636210560798645,2.4898080825805664,2.857314348220825
CC(C)(C)c1cccc(N2c3cccc4c3B(c3ccc(N(c5ccccc5)c5ccccc5)cc3N4c3ccc4sc5ccccc5c4c3)c3sc4c(N(c5ccccc5)c5ccccc5)cccc4c32)c1,-4.872135639190674,-1.5599464178085327,2.430375337600708,2.9005298614501953
CC(C)(C)c1cccc(N2c3cc(N(c4ccccc4)c4ccccc4)cc4c3B(c3cc(C(C)(C)C)ccc3N4c3ccc4c(c3)oc3ccccc34)c3sc4c(N(c5ccccc5)c5ccccc5)cccc4c32)c1,-4.8839640617370605,-1.5476841926574707,2.4958293437957764,2.89823055267334
CC(C)(C)c1cccc(N2c3cc4c(cc3B3c5sc6ccccc6c5N(c5cccc(C(C)(C)C)c5)c5cccc2c53)nc(-c2cccc3oc5ccccc5c23)n4-c2cccc(C(C)(C)C)c2)c1,-4.8333740234375,-1.7359182834625244,2.3737571239471436,2.846409797668457
CC(C)(C)c1cccc(N2c3cc(N(c4ccccc4)c4ccccc4)cc4c3B(c3cc(C(C)(C)C)ccc3N4c3ccc4ccccc4c3)c3sc4ccc(N(c5ccccc5)c5ccccc5)cc4c32)c1,-4.887740135192871,-1.5944905281066895,2.3994057178497314,2.801858425140381
CC(C)(C)c1cccc(N2c3cccc4c3B(c3ccc(N(c5ccccc5)c5ccccc5)cc3N4c3cccc4ccccc34)c3sc4c(N(c5ccccc5)c5ccccc5)cccc4c32)c1,-4.856058597564697,-1.5727522373199463,2.380336284637451,2.8659088611602783
Cc1ccc2c(c1)B1c3sc4c(N(c5ccccc5)c5ccccc5)cccc4c3N(c3cccc(C(C)(C)C)c3)c3cc(N(c4ccccc4)c4ccccc4)cc(c31)N2c1ccc2oc3ccccc3c2c1,-4.8811845779418945,-1.5107016563415527,2.5299179553985596,2.9164791107177734
Cc1ccc(N(c2ccc(C)cc2)c2cc3c(c4oc5ccccc5c24)B2c4ccccc4N4c5ccccc5B5c6c(cc(c2c64)N3c2c(C)cc(C)cc2C)N(c2c(C)cc(C)cc2C)c2cc(N(c3ccc(C)cc3)c3ccc(C)cc3)c3c(oc4ccccc43)c25)cc1,-4.99186897277832,-1.6471257209777832,2.700350522994995,2.826930284500122
CC(C)(C)c1ccc(-c2nc3cc4c(cc3n2-c2cccc(C(C)(C)C)c2)N(c2ccc(C(F)(F)F)cc2)c2cccc3c2B4c2sc4ccccc4c2N3c2cccc(C(C)(C)C)c2)cc1,-4.916502475738525,-1.816284418106079,2.127901554107666,2.7123124599456787
CC(C)(C)c1cccc(N2c3cc(N(c4ccccc4)c4ccccc4)ccc3B3c4sc5cc(N(c6ccccc6)c6ccccc6)ccc5c4N(c4ccc5oc6ccccc6c5c4)c4cccc2c43)c1,-4.779656410217285,-1.5358617305755615,2.4052610397338867,2.855861186981201
CC(C)(C)c1cccc(N2c3cc(N(c4ccccc4)c4ccccc4)cc4c3B(c3cc(C(C)(C)C)ccc3N4c3cccc4ccccc34)c3sc4ccc(N(c5ccccc5)c5ccccc5)cc4c32)c1,-4.883330345153809,-1.6095224618911743,2.3808279037475586,2.8090786933898926
CC(C)(C)c1ccc(N2c3cccc4c3B(c3cc(N(c5ccc(C(C)(C)C)cc5)c5ccc(C(C)(C)C)cc5)c5c(oc6ccccc65)c32)c2cc(N(c3ccc(C(C)(C)C)cc3)c3ccc(C(C)(C)C)cc3)c3c(oc5ccccc53)c2N4c2ccc(C(C)(C)C)cc2)cc1,-4.72779655456543,-1.7213929891586304,2.474506139755249,2.793056011199951
CC(C)(C)c1ccc(N2c3ccc(C(C)(C)C)cc3B3c4ccccc4N4c5cccc6c5B(c5c4c3c2c2c5oc3ccccc32)c2c3c4c(c5c2oc2ccccc25)N(c2ccc(C(C)(C)C)cc2)c2ccc(C(C)(C)C)cc2B4c2cc(C(C)(C)C)ccc2N63)cc1,-4.996095657348633,-1.8422330617904663,2.629138231277466,2.71608567237854
CC(C)(C)c1cccc(N2c3cc4c(cc3B3c5sc6ccccc6c5N(c5cccc(C(C)(C)C)c5)c5cc(-n6c7ccccc7c7ccccc76)cc2c53)nc(-c2cccc3oc5ccccc5c23)n4-c2cccc(C(C)(C)C)c2)c1,-4.950633525848389,-1.8070437908172607,2.469223737716675,2.8362417221069336
CC(C)(C)c1cccc(N2c3cc(N(c4ccccc4)c4ccccc4)cc4c3B(c3cc(C(C)(C)C)ccc3N4c3cccc4ccccc34)c3sc4cc(N(c5ccccc5)c5ccccc5)ccc4c32)c1,-4.798644065856934,-1.5708101987838745,2.346252202987671,2.8253424167633057
CC(C)(C)c1cccc(N2c3cccc4c3B(c3cc5nc(-c6ccc7oc8ccccc8c7c6)n(-c6cccc(C(C)(C)C)c6)c5cc3N4c3ccc4c(c3)oc3ccccc34)c3sc4ccccc4c32)c1,-4.807704448699951,-1.714540958404541,2.391599416732788,2.8572328090667725
CC(C)(C)c1cccc(N2c3cc4c(cc3B3c5sc6ccccc6c5N(c5cccc(C(C)(C)C)c5)c5cc(-n6c7ccccc7c7ccccc76)cc2c53)nc(-c2ccc3ccccc3c2)n4-c2cccc(C(C)(C)C)c2)c1,-4.89714241027832,-1.7908238172531128,2.3337979316711426,2.7871904373168945
Cc1ccc2c(c1)B1c3sc4c(N(c5ccccc5)c5ccccc5)cccc4c3N(c3cccc(C(C)(C)C)c3)c3cc(N(c4ccccc4)c4ccccc4)cc(c31)N2c1cccc2ccccc12,-4.8879594802856445,-1.5562384128570557,2.4215383529663086,2.8708574771881104
CC(C)(C)c1ccc(N2c3cc4oc5ccccc5c4c4c3B(c3cc(C(C)(C)C)ccc3N4c3ccc(C(C)(C)C)cc3)c3c2cc(N(c2ccc(C(C)(C)C)cc2)c2ccc(C(C)(C)C)cc2)c2c3oc3ccccc32)cc1,-4.889892578125,-1.5368684530258179,2.6169326305389404,2.982116222381592
Cc1ccc2c(c1)B1c3sc4c(N(c5ccccc5)c5ccccc5)cccc4c3N(c3cccc(C(C)(C)C)c3)c3cc(N(c4ccccc4)c4ccccc4)cc(c31)N2c1ccc2c(c1)oc1ccccc12,-4.8933024406433105,-1.5295591354370117,2.505114793777466,2.9080872535705566
CC(C)(C)c1cccc(N2c3cc(N(c4ccccc4)c4ccccc4)cc4c3B(c3cc(C(C)(C)C)ccc3N4c3ccc4oc5ccccc5c4c3)c3sc4cc(N(c5ccccc5)c5ccccc5)ccc4c32)c1,-4.785825252532959,-1.529505968093872,2.4363765716552734,2.8533198833465576
c1ccc(N(c2ccccc2)c2sc3c4c2-n2c5ncccc5c5cccc(c52)B4c2ccccc2N3c2ccccc2)cc1,-4.987981796264648,-1.7751305103302002,2.060224771499634,2.710554361343384
CC(C)(C)c1cccc(N2c3cc4c(cc3B3c5sc6ccccc6c5N(c5cccc(C(C)(C)C)c5)c5cc(-n6c7ccccc7c7ccccc76)cc2c53)nc(-c2cccc3ccccc23)n4-c2cccc(C(C)(C)C)c2)c1,-4.930408000946045,-1.7929444313049316,2.3384530544281006,2.807499885559082
CC(C)(C)c1cccc(N2c3cc(-n4c5ccccc5c5ccccc54)cc4c3B(c3cc5nc(-c6cccc7sc8ccccc8c67)n(-c6cccc(C(C)(C)C)c6)c5cc3N4c3cccc4sc5ccccc5c34)c3sc4ccccc4c32)c1,-4.96134090423584,-1.8402918577194214,2.468325614929199,2.763953924179077
CC(C)(C)c1ccc(-c2nc3cc4c(cc3n2-c2cccc(C(C)(C)C)c2)N(c2cccc3sc5ccccc5c23)c2cc(-n3c5ccccc5c5ccccc53)cc3c2B4c2sc4ccccc4c2N3c2cccc(C(C)(C)C)c2)cc1,-4.918294429779053,-1.737897515296936,2.530292510986328,2.8581061363220215
CC(C)(C)c1ccc(N(c2ccc(C(C)(C)C)cc2)c2ccc3c(c2)-c2cc(N(c4ccc(C(C)(C)C)cc4)c4ccc(C(C)(C)C)cc4)cc4c2B3c2ccc(N(c3ccc(C(C)(C)C)cc3)c3ccc(C(C)(C)C)cc3)cc2-4)cc1,-4.839534759521484,-2.4013988971710205,1.6977509260177612,1.9975053071975708
CC(C)(C)c1ccc(N2c3cc(N(c4cccc(-c5ccccc5)c4)c4ccc5oc6ccccc6c5c4)ccc3B3c4sc5ccc(C(C)(C)C)cc5c4N(c4ccc(C(C)(C)C)cc4)c4cc(N(c5ccccc5)c5ccccc5)cc2c43)cc1,-4.858116149902344,-1.484549641609192,2.6412675380706787,2.9391534328460693
CC(C)(C)c1cccc(N2c3cccc4c3B(c3cc5nc(-c6cccc7sc8ccccc8c67)n(-c6cccc(C(C)(C)C)c6)c5cc3N4c3ccc(C(F)(F)F)cc3)c3sc4ccccc4c32)c1,-4.967740535736084,-1.9176936149597168,2.0789239406585693,2.615928888320923
CC(C)(C)c1cccc(N2c3cc4c(cc3B3c5sc6ccccc6c5N(c5cccc(C(C)(C)C)c5)c5cccc2c53)nc(-c2ccc3c(c2)oc2ccccc23)n4-c2cccc(C(C)(C)C)c2)c1,-4.811363220214844,-1.7410653829574585,2.302330732345581,2.817073345184326
CC(C)(C)c1cccc(N2c3cccc4c3B(c3cc5nc(-c6ccc7c(c6)oc6ccccc67)n(-c6cccc(C(C)(C)C)c6)c5cc3N4c3cccc4c3c3ccccc3n4-c3ccccc3)c3sc4ccccc4c32)c1,-4.560154438018799,-1.7325248718261719,2.157820463180542,2.56262469291687
Cc1ccc2sc3c(c2c1)N(c1cccc(C(C)(C)C)c1)c1cc(N(c2ccccc2)c2ccccc2)cc2c1B3c1ccc(N(c3ccccc3)c3ccccc3)cc1N2c1cccc2sc3ccccc3c12,-4.934080600738525,-1.4751521348953247,2.721343755722046,2.9997406005859375
CC(C)(C)c1ccc(N2c3cc4c5ccccc5n(-c5ccc(C(C)(C)C)cc5)c4cc3B3c4cc(N(c5ccc(C(C)(C)C)cc5)c5ccc(C(C)(C)C)cc5)c5c(oc6ccccc65)c4N(c4ccc(C(C)(C)C)cc4)c4cccc2c43)cc1,-4.695481300354004,-1.697805643081665,2.420926332473755,2.841421127319336
CC(C)(C)c1cccc(N2c3cc(N(c4ccccc4)c4ccccc4)ccc3B3c4sc5ccc(N(c6ccccc6)c6ccccc6)cc5c4N(c4ccc5oc6ccccc6c5c4)c4cccc2c43)c1,-4.864920616149902,-1.5615209341049194,2.457256317138672,2.8490920066833496
Cc1ccc2c(c1)B1c3sc4cc(N(c5ccccc5)c5ccccc5)ccc4c3N(c3cccc(C(C)(C)C)c3)c3cc(N(c4ccccc4)c4ccccc4)cc(c31)N2c1ccc2ccccc2c1,-4.821529865264893,-1.5523605346679688,2.356369972229004,2.816741704940796
CC(C)(C)c1cccc(N2c3cc(N(c4ccccc4)c4ccccc4)cc4c3B(c3ccc(N(c5ccccc5)c5ccccc5)cc3N4c3ccc4oc5ccccc5c4c3)c3sc4ccc(C(C)(C)C)cc4c32)c1,-4.854855060577393,-1.5081316232681274,2.5508925914764404,2.917543411254883
CC(C)(C)c1cccc(N2c3cc4c(cc3B3c5sc6ccccc6c5N(c5cccc(C(C)(C)C)c5)c5cccc2c53)nc(-c2ccc3oc5ccccc5c3c2)n4-c2cccc(C(C)(C)C)c2)c1,-4.807990550994873,-1.688111662864685,2.3798892498016357,2.857150077819824
CC(C)N(c1cc2c3c(c1)c1c(n3-c3cccc4c3B2c2cc(N(C(C)C)C(C)C)cc3c5c(n-4c23)CCCC5)CCCC1)C(C)C,-4.993247032165527,-1.9832454919815063,2.167475938796997,2.700984001159668
CC(C)(C)c1cccc(N2c3cc(-n4c5ccccc5c5ccccc54)cc4c3B(c3cc5nc(-c6ccc7oc8ccccc8c7c6)n(-c6cccc(C(C)(C)C)c6)c5cc3N4c3cccc4sc5ccccc5c34)c3sc4ccccc4c32)c1,-4.959680557250977,-1.8036075830459595,2.4894816875457764,2.77703595161438
CC(C)(C)c1cccc(N2c3cc4c(cc3B3c5sc6ccccc6c5N(c5cccc(C(C)(C)C)c5)c5cccc2c53)nc(-c2cccc3ccccc23)n4-c2cccc(C(C)(C)C)c2)c1,-4.810904026031494,-1.7259420156478882,2.2282345294952393,2.802673578262329
CC(C)(C)c1cccc(N2c3cc(N(c4ccccc4)c4ccccc4)cc4c3B(c3cc(C(C)(C)C)ccc3N4c3ccc4sc5ccccc5c4c3)c3sc4c(N(c5ccccc5)c5ccccc5)cccc4c32)c1,-4.892261028289795,-1.558782935142517,2.477609872817993,2.908773899078369
CC(C)(C)c1cccc(N2c3cc(-n4c5ccccc5c5ccccc54)cc4c3B(c3cc5nc(-c6cccc7oc8ccccc8c67)n(-c6cccc(C(C)(C)C)c6)c5cc3N4c3cccc4c5ccccc5c5ccccc5c34)c3sc4ccccc4c32)c1,-4.869026184082031,-1.8875460624694824,2.3953030109405518,2.6088740825653076
CC(C)(C)c1cccc(N2c3cc(N(c4ccccc4)c4ccccc4)ccc3B3c4sc5ccc(N(c6ccccc6)c6ccccc6)cc5c4N(c4cccc5sc6ccccc6c45)c4cccc2c43)c1,-4.925978183746338,-1.569856882095337,2.590292453765869,2.9278290271759033
CC(C)(C)c1ccc(N(c2ccc(-c3cc4c(c5oc6ccccc6c35)B3c5ccc(N(c6ccc(C(C)(C)C)cc6)c6ccc(C(C)(C)C)cc6)cc5N(c5ccc(C(C)(C)C)cc5)c5cccc(c53)N4c3ccc(C(C)(C)C)cc3)cc2)c2ccc(C(C)(C)C)cc2)cc1,-4.802671909332275,-1.5463896989822388,2.5783987045288086,2.79516339302063
CC(C)(C)c1cccc(N2c3cc4c(cc3B3c5sc6ccccc6c5N(c5cccc(C(C)(C)C)c5)c5cc(-n6c7ccccc7c7ccccc76)cc2c53)nc(-c2ccc3sc5ccccc5c3c2)n4-c2cccc(C(C)(C)C)c2)c1,-4.933864593505859,-1.7766200304031372,2.4268598556518555,2.8416781425476074
CC(C)(C)c1cccc(N2c3cc(N(c4ccccc4)c4ccccc4)cc4c3B(c3cc(C(C)(C)C)ccc3N4c3cccc4c3oc3ccccc34)c3sc4ccc(N(c5ccccc5)c5ccccc5)cc4c32)c1,-4.91118049621582,-1.561170220375061,2.513834238052368,2.8752710819244385
CC(C)(C)c1ccc(N2c3ccc(C(C)(C)C)cc3B3c4c2cccc4N2c4ccc(C(C)(C)C)cc4B4c5cc(C(C)(C)C)ccc5N(c5ccc(C(C)(C)C)cc5)c5c4c2c3c2oc3ccccc3c52)cc1,-4.953238010406494,-1.6018987894058228,2.6157538890838623,2.9308910369873047
CC(C)(C)c1ccc(-c2nc3cc4c(cc3n2-c2cccc(C(C)(C)C)c2)N(c2cccc3c5ccccc5c5ccccc5c23)c2cc(-n3c5ccccc5c5ccccc53)cc3c2B4c2sc4ccccc4c2N3c2cccc(C(C)(C)C)c2)cc1,-4.8292236328125,-1.823803186416626,2.4051108360290527,2.652740240097046
CC(C)(C)c1cccc(N2c3cccc4c3B(c3cc5nc(-c6ccc7oc8ccccc8c7c6)n(-c6cccc(C(C)(C)C)c6)c5cc3N4c3ccc4ccc5cccc6ccc3c4c56)c3sc4ccccc4c32)c1,-4.778591156005859,-2.2058746814727783,2.0782389640808105,2.356557607650757
CC(C)(C)c1cccc(N2c3cc(-n4c5ccccc5c5ccccc54)cc4c3B(c3cc5nc(-c6cccc7c6oc6ccccc67)n(-c6cccc(C(C)(C)C)c6)c5cc3N4c3cccc4c5ccccc5c5ccccc5c34)c3sc4ccccc4c32)c1,-4.887402534484863,-1.877297282218933,2.400543212890625,2.656078577041626
CC(C)(C)c1ccc(-c2nc3cc4c(cc3n2-c2cccc(C(C)(C)C)c2)N(c2cccc(C(C)(C)C)c2)c2cccc3c2B4c2sc4ccccc4c2N3c2cccc(C(C)(C)C)c2)cc1,-4.755562782287598,-1.6003998517990112,2.4597506523132324,2.9743895530700684
CC(C)(C)c1cccc(-c2nc3cc4c(cc3n2-c2cccc(C(C)(C)C)c2)N(c2cccc3c5ccccc5c5ccccc5c23)c2cc(-n3c5ccccc5c5ccccc53)cc3c2B4c2sc4ccccc4c2N3c2cccc(C(C)(C)C)c2)c1,-4.844470024108887,-1.861569881439209,2.357881546020508,2.6236586570739746
CC(C)(C)c1cccc(N2c3cc(N(c4ccccc4)c4ccccc4)cc4c3B(c3ccc(N(c5ccccc5)c5ccccc5)cc3N4c3cccc4ccccc34)c3sc4ccc(C(C)(C)C)cc4c32)c1,-4.859452724456787,-1.5400867462158203,2.460153579711914,2.885498523712158
CC(C)N(c1cc2c3c(c1)B1c4cc(N(C(C)C)C(C)C)cc5c4N(CC5)c4cc(N(c5ccc6ccccc6c5)c5ccc6ccccc6c5)cc(c41)N3CC2)C(C)C,-4.593718528747559,-1.4920645952224731,2.047323703765869,2.5946943759918213
CC(C)(C)c1cccc(N2c3cccc4c3B(c3cc5nc(-c6ccc7ccccc7c6)n(-c6cccc(C(C)(C)C)c6)c5cc3N4c3ccc(C(F)(F)F)cc3)c3sc4ccccc4c32)c1,-4.933346748352051,-1.9051697254180908,1.9866445064544678,2.604238271713257
CC(C)(C)c1cccc(N2c3cc(N(c4ccccc4)c4ccccc4)ccc3B3c4sc5cc(N(c6ccccc6)c6ccccc6)ccc5c4N(c4cccc5sc6ccccc6c45)c4cccc2c43)c1,-4.845884799957275,-1.5311150550842285,2.5500617027282715,2.938920259475708
CC(C)(C)c1cccc(N2c3cccc4c3B(c3cc5nc(-c6ccc7oc8ccccc8c7c6)n(-c6cccc(C(C)(C)C)c6)c5cc3N4c3ccc(C(F)(F)F)cc3)c3sc4ccccc4c32)c1,-4.950490951538086,-1.8682504892349243,2.1360504627227783,2.675020217895508
CC(C)(C)c1cccc(N2c3cc(-n4c5ccccc5c5ccccc54)cc4c3B(c3cc5nc(-c6cccc7sc8ccccc8c67)n(-c6cccc(C(C)(C)C)c6)c5cc3N4c3cccc4c5ccccc5c5ccccc5c34)c3sc4ccccc4c32)c1,-4.872831344604492,-1.902098298072815,2.3638081550598145,2.5750460624694824
CC(C)(C)c1cccc(N2c3cccc4c3B(c3cc5nc(-c6cccc7c6oc6ccccc67)n(-c6cccc(C(C)(C)C)c6)c5cc3N4c3ccc4c(c3)oc3ccccc34)c3sc4ccccc4c32)c1,-4.822010040283203,-1.733447790145874,2.327670097351074,2.8572521209716797
CC(C)(C)c1cccc(N2c3cc(N(c4ccccc4)c4ccccc4)cc4c3B(c3ccc(N(c5ccccc5)c5ccccc5)cc3N4c3cccc4c3oc3ccccc34)c3sc4ccc(C(C)(C)C)cc4c32)c1,-4.8917555809021,-1.4984205961227417,2.5854289531707764,2.948552370071411
Cc1cc(C)c(N2c3cc4c(cc3B3c5ccccc5N5c6ccccc6B6c7cc8c9ccccc9n(-c9ccccc9)c8cc7N(c7c(C)cc(C)cc7C)c7cc2c3c5c76)c2ccccc2n4-c2ccccc2)c(C)c1,-4.985546112060547,-1.6291627883911133,2.7821617126464844,2.952188014984131
CC(C)(C)c1cccc(-c2nc3cc4c(cc3n2-c2cccc(C(C)(C)C)c2)N(c2cccc(C(C)(C)C)c2)c2cc(-n3c5ccccc5c5ccccc53)cc3c2B4c2sc4ccccc4c2N3c2cccc(C(C)(C)C)c2)c1,-4.889061450958252,-1.7470450401306152,2.443579912185669,2.8838984966278076
CC(C)(C)c1ccc(N(c2ccc3c(c2)N(c2ccc(C(C)(C)C)cc2)c2cccc4c2B3c2cc(C(C)(C)C)ccc2N4c2ccc(C(C)(C)C)cc2)c2ccc3oc4ccc(N(c5ccc(C(C)(C)C)cc5)c5ccc6c(c5)N(c5ccc(C(C)(C)C)cc5)c5cccc7c5B6c5cc(C(C)(C)C)ccc5N7c5ccc(C(C)(C)C)cc5)cc4c3c2)cc1,-4.818698883056641,-1.5946176052093506,2.712024211883545,2.731008768081665
CC(C)(C)c1ccc(N2c3cc4c5ccccc5n(-c5ccc(C(C)(C)C)cc5)c4cc3B3c4c2cccc4N(c2ccc(C(C)(C)C)cc2)c2cc(N(c4ccc(C(C)(C)C)cc4)c4ccc(C(C)(C)C)cc4)c4c(oc5ccccc54)c23)cc1,-4.696699619293213,-1.543340802192688,2.5611183643341064,2.9401471614837646