SMILES,HOMO,LUMO,S1,T1
c1ccc(-n2c3ccccc3c3c(-c4cc(-c5c6ccccc6c(-c6cccc7c6c6ccccc6n7-c6ccccc6)c6ccccc56)cc5ccccc45)cccc32)cc1,-5.062966346740723,-1.7260366678237915,3.100670576095581,1.6492000818252563
c1ccc(-n2c3ccccc3c3cc(-c4cc(-c5c6ccccc6c(-c6cccc7c6c6ccccc6n7-c6ccccc6)c6ccccc56)cc5ccccc45)ccc32)cc1,-5.065425395965576,-1.760817050933838,3.1152210235595703,1.6584490537643433
c1ccc(-n2c3ccccc3c3c(-c4c5ccccc5c(-c5cc6ccccc6cc5-c5cccc6c7ccccc7n(-c7ccccc7)c56)c5ccccc45)cccc32)cc1,-5.018351078033447,-1.780604362487793,3.0427234172821045,1.630191445350647
c1ccc(-n2c3ccccc3c3cc(-c4c5ccccc5c(-c5ccc6c(-c7ccc8c9ccccc9n(-c9ccccc9)c8c7)cccc6c5)c5ccccc45)ccc32)cc1,-5.053832530975342,-1.7521001100540161,3.121567964553833,1.6740351915359497
c1ccc(-n2c3ccccc3c3cc(-c4c5ccccc5c(-c5ccc6c(-c7cccc8c9ccccc9n(-c9ccccc9)c78)cccc6c5)c5ccccc45)ccc32)cc1,-5.057082176208496,-1.7308309078216553,3.1243224143981934,1.672844409942627
c1ccc(-n2c3ccccc3c3cc(-c4c5ccccc5c(-c5ccc6c(-c7ccccc7-n7c8ccccc8c8ccccc87)cccc6c5)c5ccccc45)ccc32)cc1,-5.073812961578369,-1.7494850158691406,3.105161428451538,1.6628459692001343
c1ccc(-n2c3ccccc3c3cc(-c4c5ccccc5c(-c5ccc6c(-c7cccc(-n8c9ccccc9c9ccccc98)c7)cccc6c5)c5ccccc45)ccc32)cc1,-5.114146709442139,-1.773020625114441,3.133363962173462,1.6820100545883179
c1ccc(-n2c3ccccc3c3cc(-c4c5ccccc5c(-c5ccc6c(-c7ccc(-n8c9ccccc9c9ccccc98)cc7)cccc6c5)c5ccccc45)ccc32)cc1,-5.103673458099365,-1.801350474357605,3.119891405105591,1.6747777462005615
c1ccc(-n2c3ccccc3c3cc(-c4c5ccccc5c(-c5ccc(-c6cccc7c6c6ccccc6n7-c6ccccc6)c6ccccc56)c5ccccc45)ccc32)cc1,-5.035740375518799,-1.7265596389770508,3.108574390411377,1.6631901264190674
c1ccc(-n2c3ccccc3c3cc(-c4ccc(-c5c6ccccc6c(-c6ccc7c(c6)c6ccccc6n7-c6ccccc6)c6ccccc56)c5ccccc45)ccc32)cc1,-5.043030261993408,-1.7486133575439453,3.107257127761841,1.671270489692688
c1ccc(-n2c3ccccc3c3cc(-c4c5ccccc5c(-c5ccc(-c6ccc7c8ccccc8n(-c8ccccc8)c7c6)c6ccccc56)c5ccccc45)ccc32)cc1,-5.047421455383301,-1.7419013977050781,3.1143229007720947,1.6699519157409668
c1ccc(-n2c3ccccc3c3cc(-c4c5ccccc5c(-c5ccc(-c6cccc7c8ccccc8n(-c8ccccc8)c67)c6ccccc56)c5ccccc45)ccc32)cc1,-5.078950881958008,-1.7196732759475708,3.119412422180176,1.674185037612915
c1ccc(-n2c3ccccc3c3cc(-c4c5ccccc5c(-c5ccc(-c6ccccc6-n6c7ccccc7c7ccccc76)c6ccccc56)c5ccccc45)ccc32)cc1,-5.110172748565674,-1.7384146451950073,3.100191593170166,1.6669596433639526
c1ccc(-n2c3ccccc3c3c(-c4c5ccccc5c(-c5cc6ccccc6cc5-c5ccccc5-n5c6ccccc6c6ccccc65)c5ccccc45)cccc32)cc1,-5.133050918579102,-1.8204405307769775,3.0318479537963867,1.635876178741455
c1ccc(-n2c3ccccc3c3cc(-c4c5ccccc5c(-c5ccc(-c6cccc(-n7c8ccccc8c8ccccc87)c6)c6ccccc56)c5ccccc45)ccc32)cc1,-5.123939037322998,-1.7576789855957031,3.131268262863159,1.6792092323303223
c1ccc(-n2c3ccccc3c3cc(-c4c5ccccc5c(-c5ccc(-c6ccc(-n7c8ccccc8c8ccccc87)cc6)c6ccccc56)c5ccccc45)ccc32)cc1,-5.130613803863525,-1.7872291803359985,3.1180951595306396,1.6753588914871216
c1ccc(-n2c3ccccc3c3cc(-c4c5ccccc5c(-c5cc(-c6cccc7c6c6ccccc6n7-c6ccccc6)cc6ccccc56)c5ccccc45)ccc32)cc1,-5.070827007293701,-1.7216781377792358,3.1261188983917236,1.673080325126648
c1ccc(-n2c3ccccc3c3cc(-c4cc(-c5c6ccccc6c(-c6ccc7c(c6)c6ccccc6n7-c6ccccc6)c6ccccc56)c5ccccc5c4)ccc32)cc1,-5.051373481750488,-1.73396897315979,3.1307294368743896,1.6748827695846558
c1ccc(-n2c3ccccc3c3cc(-c4c5ccccc5c(-c5cc(-c6ccc7c8ccccc8n(-c8ccccc8)c7c6)cc6ccccc56)c5ccccc45)ccc32)cc1,-5.072232246398926,-1.732661485671997,3.1362383365631104,1.6783626079559326
c1ccc(-n2c3ccccc3c3cc(-c4c5ccccc5c(-c5cc(-c6cccc7c8ccccc8n(-c8ccccc8)c67)cc6ccccc56)c5ccccc45)ccc32)cc1,-5.093573570251465,-1.7224626541137695,3.1414475440979004,1.6848136186599731
c1ccc(-n2c3ccccc3c3cc(-c4c5ccccc5c(-c5cc(-c6ccccc6-n6c7ccccc7c7ccccc76)cc6ccccc56)c5ccccc45)ccc32)cc1,-5.1133341789245605,-1.7345792055130005,3.097856283187866,1.68030846118927
c1ccc(-n2c3ccccc3c3cc(-c4c5ccccc5c(-c5cc(-c6cccc(-n7c8ccccc8c8ccccc87)c6)cc6ccccc56)c5ccccc45)ccc32)cc1,-5.151351451873779,-1.762821912765503,3.144561290740967,1.688416600227356
c1ccc(-n2c3ccccc3c3cc(-c4c5ccccc5c(-c5cc(-c6ccc(-n7c8ccccc8c8ccccc87)cc6)cc6ccccc56)c5ccccc45)ccc32)cc1,-5.160686016082764,-1.764826774597168,3.1420464515686035,1.685990571975708
c1ccc(-n2c3ccccc3c3cc(-c4c5ccccc5c(-c5c(-c6cccc7c6c6ccccc6n7-c6ccccc6)ccc6ccccc56)c5ccccc45)ccc32)cc1,-4.986294746398926,-1.6902973651885986,3.0486364364624023,1.6575719118118286
c1ccc(-n2c3ccccc3c3c(-c4c5ccccc5c(-c5cc6ccccc6cc5-c5cccc(-n6c7ccccc7c7ccccc76)c5)c5ccccc45)cccc32)cc1,-5.119701385498047,-1.8018735647201538,3.0870182514190674,1.6459357738494873
c1ccc(-n2c3ccccc3c3cc(-c4ccc5ccccc5c4-c4c5ccccc5c(-c5ccc6c(c5)c5ccccc5n6-c5ccccc5)c5ccccc45)ccc32)cc1,-4.994638442993164,-1.7107820510864258,3.0683960914611816,1.6663877964019775
c1ccc(-n2c3ccccc3c3cc(-c4c5ccccc5c(-c5c(-c6ccc7c8ccccc8n(-c8ccccc8)c7c6)ccc6ccccc56)c5ccccc45)ccc32)cc1,-5.034774303436279,-1.716535210609436,3.0663602352142334,1.6546739339828491
c1ccc(-n2c3ccccc3c3cc(-c4c5ccccc5c(-c5c(-c6cccc7c8ccccc8n(-c8ccccc8)c67)ccc6ccccc56)c5ccccc45)ccc32)cc1,-5.040307521820068,-1.7059006690979004,3.079293966293335,1.6561728715896606
c1ccc(-n2c3ccccc3c3cc(-c4c5ccccc5c(-c5c(-c6ccccc6-n6c7ccccc7c7ccccc76)ccc6ccccc56)c5ccccc45)ccc32)cc1,-5.143557071685791,-1.7721489667892456,3.0621988773345947,1.6608251333236694
c1ccc(-n2c3ccccc3c3cc(-c4c5ccccc5c(-c5c(-c6cccc(-n7c8ccccc8c8ccccc87)c6)ccc6ccccc56)c5ccccc45)ccc32)cc1,-5.133072853088379,-1.7548023462295532,3.119652032852173,1.671759009361267
c1ccc(-n2c3ccccc3c3cc(-c4c5ccccc5c(-c5c(-c6ccc(-n7c8ccccc8c8ccccc87)cc6)ccc6ccccc56)c5ccccc45)ccc32)cc1,-5.147635459899902,-1.7583762407302856,3.1149215698242188,1.6787762641906738
c1ccc(-n2c3ccccc3c3cc(-c4c5ccccc5c(-c5cccc6cc(-c7cccc8c7c7ccccc7n8-c7ccccc7)ccc56)c5ccccc45)ccc32)cc1,-5.073110103607178,-1.724118947982788,3.1232447624206543,1.6629347801208496
c1ccc(-n2c3ccccc3c3cc(-c4ccc5c(-c6c7ccccc7c(-c7ccc8c(c7)c7ccccc7n8-c7ccccc7)c7ccccc67)cccc5c4)ccc32)cc1,-5.052603244781494,-1.7638678550720215,3.115520477294922,1.6732441186904907
c1ccc(-n2c3ccccc3c3cc(-c4c5ccccc5c(-c5cccc6cc(-c7ccc8c9ccccc9n(-c9ccccc9)c8c7)ccc56)c5ccccc45)ccc32)cc1,-5.070651054382324,-1.744516372680664,3.129591703414917,1.6688472032546997
c1ccc(-n2c3ccccc3c3cc(-c4c5ccccc5c(-c5cccc6cc(-c7cccc8c9ccccc9n(-c9ccccc9)c78)ccc56)c5ccccc45)ccc32)cc1,-5.079214096069336,-1.7348406314849854,3.1292922496795654,1.6697299480438232
c1ccc(-n2c3ccccc3c3c(-c4c5ccccc5c(-c5cc6ccccc6cc5-c5ccc(-n6c7ccccc7c7ccccc76)cc5)c5ccccc45)cccc32)cc1,-5.1264424324035645,-1.815471887588501,3.0646538734436035,1.6561617851257324
c1ccc(-n2c3ccccc3c3cc(-c4c5ccccc5c(-c5cccc6cc(-c7ccccc7-n7c8ccccc8c8ccccc87)ccc56)c5ccccc45)ccc32)cc1,-5.109206676483154,-1.7459111213684082,3.108454704284668,1.66558837890625
c1ccc(-n2c3ccccc3c3cc(-c4c5ccccc5c(-c5cccc6cc(-c7cccc(-n8c9ccccc9c9ccccc98)c7)ccc56)c5ccccc45)ccc32)cc1,-5.111841201782227,-1.7459982633590698,3.1426451206207275,1.6791120767593384
c1ccc(-n2c3ccccc3c3cc(-c4c5ccccc5c(-c5cccc6cc(-c7ccc(-n8c9ccccc9c9ccccc98)cc7)ccc56)c5ccccc45)ccc32)cc1,-5.137387275695801,-1.7794711589813232,3.121927261352539,1.6757020950317383
c1ccc(-n2c3ccccc3c3cc(-c4c5ccccc5c(-c5cccc6c(-c7cccc8c7c7ccccc7n8-c7ccccc7)cccc56)c5ccccc45)ccc32)cc1,-5.061737060546875,-1.7075568437576294,3.128154754638672,1.6572831869125366
c1ccc(-n2c3ccccc3c3cc(-c4cccc5c(-c6c7ccccc7c(-c7ccc8c(c7)c7ccccc7n8-c7ccccc7)c7ccccc67)cccc45)ccc32)cc1,-5.060155868530273,-1.743208885192871,3.123903274536133,1.6665043830871582
c1ccc(-n2c3ccccc3c3cc(-c4c5ccccc5c(-c5cccc6c(-c7ccc8c9ccccc9n(-c9ccccc9)c8c7)cccc56)c5ccccc45)ccc32)cc1,-5.062790870666504,-1.712874174118042,3.1286935806274414,1.670829176902771
c1ccc(-n2c3ccccc3c3cc(-c4c5ccccc5c(-c5cccc6c(-c7cccc8c9ccccc9n(-c9ccccc9)c78)cccc56)c5ccccc45)ccc32)cc1,-5.067533493041992,-1.7034598588943481,3.1296515464782715,1.6702073812484741
c1ccc(-n2c3ccccc3c3cc(-c4c5ccccc5c(-c5cccc6c(-c7ccccc7-n7c8ccccc8c8ccccc87)cccc56)c5ccccc45)ccc32)cc1,-5.100336074829102,-1.713832974433899,3.1109097003936768,1.6687638759613037
c1ccc(-n2c3ccccc3c3cc(-c4c5ccccc5c(-c5cccc6c(-c7cccc(-n8c9ccccc9c9ccccc98)c7)cccc56)c5ccccc45)ccc32)cc1,-5.115530014038086,-1.7467827796936035,3.1325857639312744,1.67478609085083
c1ccc(-n2c3ccccc3c3cc(-c4c5ccccc5c(-c5cccc6c(-c7ccc(-n8c9ccccc9c9ccccc98)cc7)cccc56)c5ccccc45)ccc32)cc1,-5.134763717651367,-1.77241051197052,3.1302504539489746,1.6721490621566772
c1ccc(-n2c3ccccc3c3c(-c4c(-c5c6ccccc6c(-c6cccc7c6c6ccccc6n7-c6ccccc6)c6ccccc56)ccc5ccccc45)cccc32)cc1,-5.010534763336182,-1.6844570636749268,3.0513010025024414,1.6441148519515991
c1ccc(-n2c3ccccc3c3ccc(-c4c5ccccc5c(-c5cc(-c6cccc7c6c6ccccc6n7-c6ccccc6)c6ccccc6c5)c5ccccc45)cc32)cc1,-5.074647426605225,-1.7387633323669434,3.122526168823242,1.663290023803711
c1ccc(-n2c3ccccc3c3cc(-c4cc(-c5c6ccccc6c(-c6ccc7c8ccccc8n(-c8ccccc8)c7c6)c6ccccc56)cc5ccccc45)ccc32)cc1,-5.076272010803223,-1.7683135271072388,3.134322166442871,1.669893741607666
c1ccc(-n2c3ccccc3c3ccc(-c4cc(-c5c6ccccc6c(-c6ccc7c8ccccc8n(-c8ccccc8)c7c6)c6ccccc56)cc5ccccc45)cc32)cc1,-5.092388153076172,-1.7583762407302856,3.1307294368743896,1.673110842704773
c1ccc(-n2c3ccccc3c3ccc(-c4c5ccccc5c(-c5cc(-c6cccc7c8ccccc8n(-c8ccccc8)c67)c6ccccc6c5)c5ccccc45)cc32)cc1,-5.104859352111816,-1.7463469505310059,3.1375555992126465,1.6673260927200317
c1ccc(-n2c3ccccc3c3ccc(-c4c5ccccc5c(-c5cc(-c6ccccc6-n6c7ccccc7c7ccccc76)c6ccccc6c5)c5ccccc45)cc32)cc1,-5.129033088684082,-1.774415373802185,3.101748466491699,1.6612470149993896
c1ccc(-n2c3ccccc3c3ccc(-c4c5ccccc5c(-c5cc(-c6cccc(-n7c8ccccc8c8ccccc87)c6)c6ccccc6c5)c5ccccc45)cc32)cc1,-5.178193092346191,-1.7868804931640625,3.1602494716644287,1.6843417882919312
c1ccc(-n2c3ccccc3c3ccc(-c4c5ccccc5c(-c5cc(-c6ccc(-n7c8ccccc8c8ccccc87)cc6)c6ccccc6c5)c5ccccc45)cc32)cc1,-5.17690896987915,-1.7971664667129517,3.144441604614258,1.6829205751419067
c1ccc(-n2c3ccccc3c3ccc(-c4c5ccccc5c(-c5cc6ccccc6cc5-c5cccc6c5c5ccccc5n6-c5ccccc5)c5ccccc45)cc32)cc1,-5.0000834465026855,-1.7463469505310059,3.0066168308258057,1.6603032350540161
c1ccc(-n2c3ccccc3c3cc(-c4cc5ccccc5cc4-c4c5ccccc5c(-c5ccc6c7ccccc7n(-c7ccccc7)c6c5)c5ccccc45)ccc32)cc1,-4.986733913421631,-1.7678776979446411,3.0455377101898193,1.6644448041915894
c1ccc(-n2c3ccccc3c3ccc(-c4cc5ccccc5cc4-c4c5ccccc5c(-c5ccc6c7ccccc7n(-c7ccccc7)c6c5)c5ccccc45)cc32)cc1,-5.015804290771484,-1.7816067934036255,3.0573785305023193,1.6576051712036133
c1ccc(-n2c3ccccc3c3cc(-c4c(-c5c6ccccc6c(-c6cccc7c6c6ccccc6n7-c6ccccc6)c6ccccc56)ccc5ccccc45)ccc32)cc1,-5.006406784057617,-1.715576410293579,3.041226387023926,1.6497552394866943
c1ccc(-n2c3ccccc3c3ccc(-c4c5ccccc5c(-c5cc6ccccc6cc5-c5cccc6c7ccccc7n(-c7ccccc7)c56)c5ccccc45)cc32)cc1,-5.044523239135742,-1.7817375659942627,3.046271324157715,1.6620908975601196
c1ccc(-n2c3ccccc3c3ccc(-c4c5ccccc5c(-c5cc6ccccc6cc5-c5ccccc5-n5c6ccccc6c6ccccc65)c5ccccc45)cc32)cc1,-5.14733362197876,-1.8332325220108032,3.043651580810547,1.6523089408874512
c1ccc(-n2c3ccccc3c3ccc(-c4c5ccccc5c(-c5cc6ccccc6cc5-c5cccc(-n6c7ccccc7c7ccccc76)c5)c5ccccc45)cc32)cc1,-5.15811014175415,-1.8260847330093384,3.0979161262512207,1.6696133613586426
c1ccc(-n2c3ccccc3c3ccc(-c4c5ccccc5c(-c5cc6ccccc6cc5-c5ccc(-n6c7ccccc7c7ccccc76)cc5)c5ccccc45)cc32)cc1,-5.143688678741455,-1.8338862657546997,3.0850422382354736,1.6756763458251953
c1ccc(-n2c3ccccc3c3ccc(-c4c5ccccc5c(-c5ccc6ccccc6c5-c5cccc6c5c5ccccc5n6-c5ccccc5)c5ccccc45)cc32)cc1,-5.0281877517700195,-1.7081670761108398,3.061689853668213,1.6585156917572021
c1ccc(-n2c3ccccc3c3cc(-c4c(-c5c6ccccc6c(-c6ccc7c8ccccc8n(-c8ccccc8)c7c6)c6ccccc56)ccc5ccccc45)ccc32)cc1,-5.022303581237793,-1.7184529304504395,3.053666114807129,1.667270541191101
c1ccc(-n2c3ccccc3c3ccc(-c4c(-c5c6ccccc6c(-c6ccc7c8ccccc8n(-c8ccccc8)c7c6)c6ccccc56)ccc5ccccc45)cc32)cc1,-5.070870876312256,-1.730656623840332,3.080491542816162,1.6616911888122559
c1ccc(-n2c3ccccc3c3ccc(-c4c5ccccc5c(-c5ccc6ccccc6c5-c5cccc6c7ccccc7n(-c7ccccc7)c56)c5ccccc45)cc32)cc1,-5.080970764160156,-1.7197604179382324,3.0799527168273926,1.6634565591812134
c1ccc(-n2c3ccccc3c3ccc(-c4c5ccccc5c(-c5ccc6ccccc6c5-c5ccccc5-n5c6ccccc6c6ccccc65)c5ccccc45)cc32)cc1,-5.179554462432861,-1.785921573638916,3.065911293029785,1.663434386253357
c1ccc(-n2c3ccccc3c3ccc(-c4c5ccccc5c(-c5ccc6ccccc6c5-c5cccc(-n6c7ccccc7c7ccccc76)c5)c5ccccc45)cc32)cc1,-5.18517541885376,-1.782260537147522,3.126657724380493,1.681610345840454
c1ccc(-n2c3ccccc3c3ccc(-c4c(-c5c6ccccc6c(-c6cccc7c6c6ccccc6n7-c6ccccc6)c6ccccc56)ccc5ccccc45)cc32)cc1,-5.042327404022217,-1.7174068689346313,3.068964958190918,1.6412724256515503
c1ccc(-n2c3ccccc3c3ccc(-c4c5ccccc5c(-c5ccc6ccccc6c5-c5ccc(-n6c7ccccc7c7ccccc76)cc5)c5ccccc45)cc32)cc1,-5.1920037269592285,-1.7831758260726929,3.1088738441467285,1.6862958669662476
c1ccc(-n2c3ccccc3c3ccc(-c4c5ccccc5c(-c5ccc6cc(-c7cccc8c7c7ccccc7n8-c7ccccc7)ccc6c5)c5ccccc45)cc32)cc1,-5.081497669219971,-1.7704927921295166,3.111268997192383,1.6719754934310913
c1ccc(-n2c3ccccc3c3cc(-c4ccc5cc(-c6c7ccccc7c(-c7ccc8c9ccccc9n(-c9ccccc9)c8c7)c7ccccc67)ccc5c4)ccc32)cc1,-5.079301834106445,-1.8077138662338257,3.1074368953704834,1.6764668226242065
c1ccc(-n2c3ccccc3c3ccc(-c4ccc5cc(-c6c7ccccc7c(-c7ccc8c9ccccc9n(-c9ccccc9)c8c7)c7ccccc67)ccc5c4)cc32)cc1,-5.102312088012695,-1.7791659832000732,3.131747245788574,1.6746491193771362
c1ccc(-n2c3ccccc3c3ccc(-c4c5ccccc5c(-c5ccc6cc(-c7cccc8c9ccccc9n(-c9ccccc9)c78)ccc6c5)c5ccccc45)cc32)cc1,-5.109382152557373,-1.7702312469482422,3.1234242916107178,1.6791120767593384
c1ccc(-n2c3ccccc3c3ccc(-c4c5ccccc5c(-c5ccc6cc(-c7ccccc7-n7c8ccccc8c8ccccc87)ccc6c5)c5ccccc45)cc32)cc1,-5.136048316955566,-1.7676161527633667,3.117915391921997,1.684735894203186
c1ccc(-n2c3ccccc3c3ccc(-c4c5ccccc5c(-c5ccc6cc(-c7cccc(-n8c9ccccc9c9ccccc98)c7)ccc6c5)c5ccccc45)cc32)cc1,-5.155918598175049,-1.7965126037597656,3.1407291889190674,1.6843972206115723
c1ccc(-n2c3ccccc3c3ccc(-c4c5ccccc5c(-c5ccc6cc(-c7ccc(-n8c9ccccc9c9ccccc98)cc7)ccc6c5)c5ccccc45)cc32)cc1,-5.1674017906188965,-1.8122901916503906,3.1248013973236084,1.6779851913452148
c1ccc(-n2c3ccccc3c3ccc(-c4c5ccccc5c(-c5ccc6c(-c7cccc8c7c7ccccc7n8-c7ccccc7)cccc6c5)c5ccccc45)cc32)cc1,-5.077633380889893,-1.7452137470245361,3.1207895278930664,1.662179708480835
c1ccc(-n2c3ccccc3c3cc(-c4cccc5cc(-c6c7ccccc7c(-c7ccc8c9ccccc9n(-c9ccccc9)c8c7)c7ccccc67)ccc45)ccc32)cc1,-5.065425395965576,-1.8090649843215942,3.096179723739624,1.6730400323867798
c1ccc(-n2c3ccccc3c3c(-c4c5ccccc5c(-c5ccc6ccccc6c5-c5cccc6c7ccccc7n(-c7ccccc7)c56)c5ccccc45)cccc32)cc1,-5.054008483886719,-1.715227723121643,3.083186149597168,1.6454472541809082
c1ccc(-n2c3ccccc3c3ccc(-c4cccc5cc(-c6c7ccccc7c(-c7ccc8c9ccccc9n(-c9ccccc9)c8c7)c7ccccc67)ccc45)cc32)cc1,-5.095681190490723,-1.7480031251907349,3.125939130783081,1.6707069873809814
c1ccc(-n2c3ccccc3c3ccc(-c4c5ccccc5c(-c5ccc6c(-c7cccc8c9ccccc9n(-c9ccccc9)c78)cccc6c5)c5ccccc45)cc32)cc1,-5.0980963706970215,-1.7317898273468018,3.129591703414917,1.6733731031417847
c1ccc(-n2c3ccccc3c3ccc(-c4c5ccccc5c(-c5ccc6c(-c7ccccc7-n7c8ccccc8c8ccccc87)cccc6c5)c5ccccc45)cc32)cc1,-5.143227577209473,-1.7511413097381592,3.124502182006836,1.6766833066940308
c1ccc(-n2c3ccccc3c3ccc(-c4c5ccccc5c(-c5ccc6c(-c7cccc(-n8c9ccccc9c9ccccc98)c7)cccc6c5)c5ccccc45)cc32)cc1,-5.151593208312988,-1.776289463043213,3.134801149368286,1.6822820901870728
c1ccc(-n2c3ccccc3c3ccc(-c4c5ccccc5c(-c5ccc6c(-c7ccc(-n8c9ccccc9c9ccccc98)cc7)cccc6c5)c5ccccc45)cc32)cc1,-5.150890350341797,-1.8084547519683838,3.1219871044158936,1.6800892353057861
c1ccc(-n2c3ccccc3c3ccc(-c4c5ccccc5c(-c5ccc(-c6cccc7c6c6ccccc6n7-c6ccccc6)c6ccccc56)c5ccccc45)cc32)cc1,-5.0768866539001465,-1.7298721075057983,3.120490312576294,1.6655217409133911
c1ccc(-n2c3ccccc3c3cc(-c4ccc(-c5c6ccccc6c(-c6ccc7c8ccccc8n(-c8ccccc8)c7c6)c6ccccc56)c5ccccc45)ccc32)cc1,-5.076755046844482,-1.7673547267913818,3.103724241256714,1.6698187589645386
c1ccc(-n2c3ccccc3c3ccc(-c4ccc(-c5c6ccccc6c(-c6ccc7c8ccccc8n(-c8ccccc8)c7c6)c6ccccc56)c5ccccc45)cc32)cc1,-5.086503505706787,-1.7439934015274048,3.1221070289611816,1.6711539030075073
c1ccc(-n2c3ccccc3c3ccc(-c4c5ccccc5c(-c5ccc(-c6cccc7c8ccccc8n(-c8ccccc8)c67)c6ccccc56)c5ccccc45)cc32)cc1,-5.1314263343811035,-1.7220268249511719,3.1283342838287354,1.6781433820724487
c1ccc(-n2c3ccccc3c3ccc(-c4c5ccccc5c(-c5ccc(-c6ccccc6-n6c7ccccc7c7ccccc76)c6ccccc56)c5ccccc45)cc32)cc1,-5.160013198852539,-1.7459982633590698,3.1098320484161377,1.669877052307129
c1ccc(-n2c3ccccc3c3c(-c4c5ccccc5c(-c5ccc6ccccc6c5-c5ccccc5-n5c6ccccc6c6ccccc65)c5ccccc45)cccc32)cc1,-5.164003849029541,-1.769708275794983,3.0697734355926514,1.6543853282928467
c1ccc(-n2c3ccccc3c3ccc(-c4c5ccccc5c(-c5ccc(-c6cccc(-n7c8ccccc8c8ccccc87)c6)c6ccccc56)c5ccccc45)cc32)cc1,-5.162543773651123,-1.7634320259094238,3.1381542682647705,1.681343913078308
c1ccc(-n2c3ccccc3c3ccc(-c4c5ccccc5c(-c5ccc(-c6ccc(-n7c8ccccc8c8ccccc87)cc6)c6ccccc56)c5ccccc45)cc32)cc1,-5.169097900390625,-1.7982124090194702,3.119173049926758,1.675769329071045
c1ccc(-n2c3ccccc3c3ccc(-c4c5ccccc5c(-c5cc(-c6cccc7c6c6ccccc6n7-c6ccccc6)cc6ccccc56)c5ccccc45)cc32)cc1,-5.098447799682617,-1.7236831188201904,3.132765293121338,1.6768512725830078
c1ccc(-n2c3ccccc3c3cc(-c4cc(-c5c6ccccc6c(-c6ccc7c8ccccc8n(-c8ccccc8)c7c6)c6ccccc56)c5ccccc5c4)ccc32)cc1,-5.079038619995117,-1.757940411567688,3.127017021179199,1.6745518445968628
c1ccc(-n2c3ccccc3c3ccc(-c4cc(-c5c6ccccc6c(-c6ccc7c8ccccc8n(-c8ccccc8)c7c6)c6ccccc56)c5ccccc5c4)cc32)cc1,-5.112368106842041,-1.7492235898971558,3.1495909690856934,1.6793869733810425
c1ccc(-n2c3ccccc3c3ccc(-c4c5ccccc5c(-c5cc(-c6cccc7c8ccccc8n(-c8ccccc8)c67)cc6ccccc56)c5ccccc45)cc32)cc1,-5.13201904296875,-1.7305693626403809,3.1379148960113525,1.6839308738708496
c1ccc(-n2c3ccccc3c3ccc(-c4c5ccccc5c(-c5cc(-c6ccccc6-n6c7ccccc7c7ccccc76)cc6ccccc56)c5ccccc45)cc32)cc1,-5.154952526092529,-1.7422500848770142,3.1103708744049072,1.6796506643295288
c1ccc(-n2c3ccccc3c3ccc(-c4c5ccccc5c(-c5cc(-c6cccc(-n7c8ccccc8c8ccccc87)c6)cc6ccccc56)c5ccccc45)cc32)cc1,-5.187656402587891,-1.7630833387374878,3.1501898765563965,1.691703200340271
c1ccc(-n2c3ccccc3c3ccc(-c4c5ccccc5c(-c5cc(-c6ccc(-n7c8ccccc8c8ccccc87)cc6)cc6ccccc56)c5ccccc45)cc32)cc1,-5.19086217880249,-1.7825655937194824,3.1416871547698975,1.6878947019577026
c1ccc(-n2c3ccccc3c3ccc(-c4c5ccccc5c(-c5c(-c6cccc7c6c6ccccc6n7-c6ccccc6)ccc6ccccc56)c5ccccc45)cc32)cc1,-5.0262556076049805,-1.6983169317245483,3.0516302585601807,1.6584045886993408
c1ccc(-n2c3ccccc3c3c(-c4c5ccccc5c(-c5ccc6ccccc6c5-c5cccc(-n6c7ccccc7c7ccccc76)c5)c5ccccc45)cccc32)cc1,-5.171441555023193,-1.7638678550720215,3.1152210235595703,1.6609584093093872
c1ccc(-n2c3ccccc3c3cc(-c4ccc5ccccc5c4-c4c5ccccc5c(-c5ccc6c7ccccc7n(-c7ccccc7)c6c5)c5ccccc45)ccc32)cc1,-5.032491207122803,-1.7202835083007812,3.0794737339019775,1.6671595573425293
c1ccc(-n2c3ccccc3c3ccc(-c4ccc5ccccc5c4-c4c5ccccc5c(-c5ccc6c7ccccc7n(-c7ccccc7)c6c5)c5ccccc45)cc32)cc1,-5.0411858558654785,-1.7238574028015137,3.092167854309082,1.6596370935440063
c1ccc(-n2c3ccccc3c3ccc(-c4c5ccccc5c(-c5c(-c6cccc7c8ccccc8n(-c8ccccc8)c67)ccc6ccccc56)c5ccccc45)cc32)cc1,-5.073988437652588,-1.7147046327590942,3.088874578475952,1.6612582206726074
c1ccc(-n2c3ccccc3c3ccc(-c4c5ccccc5c(-c5c(-c6ccccc6-n6c7ccccc7c7ccccc76)ccc6ccccc56)c5ccccc45)cc32)cc1,-5.177775859832764,-1.784962773323059,3.0665698051452637,1.6664044857025146
c1ccc(-n2c3ccccc3c3ccc(-c4c5ccccc5c(-c5c(-c6cccc(-n7c8ccccc8c8ccccc87)c6)ccc6ccccc56)c5ccccc45)cc32)cc1,-5.187963962554932,-1.7783379554748535,3.1176161766052246,1.6728429794311523
c1ccc(-n2c3ccccc3c3ccc(-c4c5ccccc5c(-c5c(-c6ccc(-n7c8ccccc8c8ccccc87)cc6)ccc6ccccc56)c5ccccc45)cc32)cc1,-5.191520690917969,-1.7795146703720093,3.1171369552612305,1.6777409315109253
c1ccc(-n2c3ccccc3c3ccc(-c4c5ccccc5c(-c5cccc6cc(-c7cccc8c7c7ccccc7n8-c7ccccc7)ccc56)c5ccccc45)cc32)cc1,-5.1099090576171875,-1.721765398979187,3.1275558471679688,1.6709957122802734
c1ccc(-n2c3ccccc3c3cc(-c4ccc5c(-c6c7ccccc7c(-c7ccc8c9ccccc9n(-c9ccccc9)c8c7)c7ccccc67)cccc5c4)ccc32)cc1,-5.080531597137451,-1.7813888788223267,3.099472999572754,1.6664655208587646
c1ccc(-n2c3ccccc3c3ccc(-c4ccc5c(-c6c7ccccc7c(-c7ccc8c9ccccc9n(-c9ccccc9)c8c7)c7ccccc67)cccc5c4)cc32)cc1,-5.10644006729126,-1.7459111213684082,3.119292736053467,1.6732163429260254
c1ccc(-n2c3ccccc3c3ccc(-c4c5ccccc5c(-c5cccc6cc(-c7cccc8c9ccccc9n(-c9ccccc9)c78)ccc56)c5ccccc45)cc32)cc1,-5.120338439941406,-1.7508797645568848,3.1362383365631104,1.6686806678771973
c1ccc(-n2c3ccccc3c3ccc(-c4cc(-c5c6ccccc6c(-c6cccc7c6c6ccccc6n7-c6ccccc6)c6ccccc56)cc5ccccc45)cc32)cc1,-5.08022403717041,-1.7384146451950073,3.121088981628418,1.6605031490325928
c1ccc(-n2c3ccccc3c3c(-c4c5ccccc5c(-c5ccc6ccccc6c5-c5ccc(-n6c7ccccc7c7ccccc76)cc5)c5ccccc45)cccc32)cc1,-5.1775126457214355,-1.769185185432434,3.096179723739624,1.670854091644287
c1ccc(-n2c3ccccc3c3ccc(-c4c5ccccc5c(-c5cccc6cc(-c7ccccc7-n7c8ccccc8c8ccccc87)ccc56)c5ccccc45)cc32)cc1,-5.148382186889648,-1.7607297897338867,3.129711389541626,1.6699658632278442
c1ccc(-n2c3ccccc3c3ccc(-c4c5ccccc5c(-c5cccc6cc(-c7cccc(-n8c9ccccc9c9ccccc98)c7)ccc56)c5ccccc45)cc32)cc1,-5.158110618591309,-1.7812144756317139,3.1416871547698975,1.6806721687316895
c1ccc(-n2c3ccccc3c3ccc(-c4c5ccccc5c(-c5cccc6cc(-c7ccc(-n8c9ccccc9c9ccccc98)cc7)ccc56)c5ccccc45)cc32)cc1,-5.182913780212402,-1.7830450534820557,3.108814001083374,1.6815215349197388
c1ccc(-n2c3ccccc3c3ccc(-c4c5ccccc5c(-c5cccc6c(-c7cccc8c7c7ccccc7n8-c7ccccc7)cccc56)c5ccccc45)cc32)cc1,-5.1000285148620605,-1.7112178802490234,3.145998477935791,1.6597814559936523
c1ccc(-n2c3ccccc3c3cc(-c4cccc5c(-c6c7ccccc7c(-c7ccc8c9ccccc9n(-c9ccccc9)c8c7)c7ccccc67)cccc45)ccc32)cc1,-5.101126670837402,-1.759596586227417,3.1329448223114014,1.6640284061431885
c1ccc(-n2c3ccccc3c3ccc(-c4cccc5c(-c6c7ccccc7c(-c7ccc8c9ccccc9n(-c9ccccc9)c8c7)c7ccccc67)cccc45)cc32)cc1,-5.1051225662231445,-1.722114086151123,3.144800901412964,1.6673593521118164
c1ccc(-n2c3ccccc3c3ccc(-c4c5ccccc5c(-c5cccc6c(-c7cccc8c9ccccc9n(-c9ccccc9)c78)cccc56)c5ccccc45)cc32)cc1,-5.111489772796631,-1.7097361087799072,3.1410882472991943,1.6699658632278442
c1ccc(-n2c3ccccc3c3ccc(-c4c5ccccc5c(-c5cccc6c(-c7ccccc7-n7c8ccccc8c8ccccc87)cccc56)c5ccccc45)cc32)cc1,-5.143579006195068,-1.7187144756317139,3.1268973350524902,1.6720879077911377
c1ccc(-n2c3ccccc3c3ccc(-c4c5ccccc5c(-c5cccc6c(-c7cccc(-n8c9ccccc9c9ccccc98)c7)cccc56)c5ccccc45)cc32)cc1,-5.161509037017822,-1.7527103424072266,3.1401302814483643,1.6784348487854004
c1ccc(-n2c3ccccc3c3ccc(-c4c5ccccc5c(-c5cccc6c(-c7ccc(-n8c9ccccc9c9ccccc98)cc7)cccc56)c5ccccc45)cc32)cc1,-5.1773481369018555,-1.7855730056762695,3.1412081718444824,1.675042748451233
c1ccc(-n2c3ccccc3c3c(-c4ccc5cc(-c6c7ccccc7c(-c7cccc8c7c7ccccc7n8-c7ccccc7)c7ccccc67)ccc5c4)cccc32)cc1,-5.056467533111572,-1.741204023361206,3.0822880268096924,1.6589709520339966
c1ccc(-n2c3ccccc3c3c(-c4cc(-c5c6ccccc6c(-c6cccc7c8ccccc8n(-c8ccccc8)c67)c6ccccc56)cc5ccccc45)cccc32)cc1,-5.152048587799072,-1.7587249279022217,3.093485116958618,1.6551958322525024
c1ccc(-n2c3ccccc3c3cc(-c4cc(-c5c6ccccc6c(-c6cccc7c8ccccc8n(-c8ccccc8)c67)c6ccccc56)cc5ccccc45)ccc32)cc1,-5.1210408210754395,-1.7642165422439575,3.0976767539978027,1.6626017093658447
c1ccc(-n2c3ccccc3c3ccc(-c4cc(-c5c6ccccc6c(-c6cccc7c8ccccc8n(-c8ccccc8)c67)c6ccccc56)cc5ccccc45)cc32)cc1,-5.165617942810059,-1.771364450454712,3.092766761779785,1.6670984029769897
c1ccc(-n2c3ccccc3c3cccc(-c4cc(-c5c6ccccc6c(-c6cccc7c8ccccc8n(-c8ccccc8)c67)c6ccccc56)cc5ccccc45)c32)cc1,-5.171584606170654,-1.747393012046814,3.098634719848633,1.6713565587997437
c1ccc(-n2c3ccccc3c3cccc(-c4c5ccccc5c(-c5cc(-c6ccccc6-n6c7ccccc7c7ccccc76)c6ccccc6c5)c5ccccc45)c32)cc1,-5.1823649406433105,-1.7734564542770386,3.0930659770965576,1.6687527894973755
c1ccc(-n2c3ccccc3c3cccc(-c4c5ccccc5c(-c5cc(-c6cccc(-n7c8ccccc8c8ccccc87)c6)c6ccccc6c5)c5ccccc45)c32)cc1,-5.263647079467773,-1.8435075283050537,3.105401039123535,1.673531413078308
c1ccc(-n2c3ccccc3c3cccc(-c4c5ccccc5c(-c5cc(-c6ccc(-n7c8ccccc8c8ccccc87)cc6)c6ccccc6c5)c5ccccc45)c32)cc1,-5.229483127593994,-1.817476749420166,3.0904314517974854,1.6698853969573975
c1ccc(-n2c3ccccc3c3c(-c4cc5ccccc5cc4-c4c5ccccc5c(-c5cccc6c7ccccc7n(-c7ccccc7)c56)c5ccccc45)cccc32)cc1,-5.008778095245361,-1.7738922834396362,3.0185251235961914,1.6372308731079102
c1ccc(-n2c3ccccc3c3cc(-c4cc5ccccc5cc4-c4c5ccccc5c(-c5cccc6c7ccccc7n(-c7ccccc7)c56)c5ccccc45)ccc32)cc1,-5.039868354797363,-1.8051424026489258,2.995778799057007,1.6591596603393555
c1ccc(-n2c3ccccc3c3ccc(-c4cc5ccccc5cc4-c4c5ccccc5c(-c5cccc6c7ccccc7n(-c7ccccc7)c56)c5ccccc45)cc32)cc1,-5.018790245056152,-1.7921541929244995,3.007507562637329,1.637075424194336
c1ccc(-n2c3ccccc3c3cc(-c4ccc5cc(-c6c7ccccc7c(-c7cccc8c7c7ccccc7n8-c7ccccc7)c7ccccc67)ccc5c4)ccc32)cc1,-5.052954196929932,-1.796076774597168,3.0814497470855713,1.6604809761047363
c1ccc(-n2c3ccccc3c3cccc(-c4cc5ccccc5cc4-c4c5ccccc5c(-c5cccc6c7ccccc7n(-c7ccccc7)c56)c5ccccc45)c32)cc1,-5.0620880126953125,-1.7888853549957275,3.037214517593384,1.6452473402023315
c1ccc(-n2c3ccccc3c3cccc(-c4c5ccccc5c(-c5cc6ccccc6cc5-c5ccccc5-n5c6ccccc6c6ccccc65)c5ccccc45)c32)cc1,-5.180751323699951,-1.8427339792251587,3.0302538871765137,1.6562727689743042
c1ccc(-n2c3ccccc3c3cccc(-c4c5ccccc5c(-c5cc6ccccc6cc5-c5cccc(-n6c7ccccc7c7ccccc76)c5)c5ccccc45)c32)cc1,-5.205726623535156,-1.8713525533676147,3.072348117828369,1.6571943759918213
c1ccc(-n2c3ccccc3c3cccc(-c4c5ccccc5c(-c5cc6ccccc6cc5-c5ccc(-n6c7ccccc7c7ccccc76)cc5)c5ccccc45)c32)cc1,-5.172056674957275,-1.8615623712539673,3.034595012664795,1.6597814559936523
c1ccc(-n2c3ccccc3c3c(-c4c(-c5c6ccccc6c(-c6cccc7c8ccccc8n(-c8ccccc8)c67)c6ccccc56)ccc5ccccc45)cccc32)cc1,-5.084747314453125,-1.7263853549957275,3.0514206886291504,1.65780508518219
c1ccc(-n2c3ccccc3c3cc(-c4c(-c5c6ccccc6c(-c6cccc7c8ccccc8n(-c8ccccc8)c67)c6ccccc56)ccc5ccccc45)ccc32)cc1,-5.081892967224121,-1.7611656188964844,3.0298495292663574,1.6618911027908325
c1ccc(-n2c3ccccc3c3ccc(-c4c(-c5c6ccccc6c(-c6cccc7c8ccccc8n(-c8ccccc8)c67)c6ccccc56)ccc5ccccc45)cc32)cc1,-5.103893280029297,-1.7511413097381592,3.0617496967315674,1.6556510925292969
c1ccc(-n2c3ccccc3c3cccc(-c4c(-c5c6ccccc6c(-c6cccc7c8ccccc8n(-c8ccccc8)c67)c6ccccc56)ccc5ccccc45)c32)cc1,-5.097833156585693,-1.7248163223266602,3.0889344215393066,1.6589264869689941
c1ccc(-n2c3ccccc3c3cccc(-c4c5ccccc5c(-c5ccc6ccccc6c5-c5ccccc5-n5c6ccccc6c6ccccc65)c5ccccc45)c32)cc1,-5.181135177612305,-1.785921573638916,3.050522565841675,1.6641727685928345
c1ccc(-n2c3ccccc3c3cccc(-c4c5ccccc5c(-c5ccc6ccccc6c5-c5cccc(-n6c7ccccc7c7ccccc76)c5)c5ccccc45)c32)cc1,-5.230273723602295,-1.8127260208129883,3.099233388900757,1.66739821434021
c1ccc(-n2c3ccccc3c3ccc(-c4ccc5cc(-c6c7ccccc7c(-c7cccc8c7c7ccccc7n8-c7ccccc7)c7ccccc67)ccc5c4)cc32)cc1,-5.076052665710449,-1.7626475095748901,3.1112091541290283,1.6627904176712036
c1ccc(-n2c3ccccc3c3cccc(-c4c5ccccc5c(-c5ccc6ccccc6c5-c5ccc(-n6c7ccccc7c7ccccc76)cc5)c5ccccc45)c32)cc1,-5.245599269866943,-1.8374601602554321,3.065941095352173,1.667475938796997
c1ccc(-n2c3ccccc3c3c(-c4ccc5cc(-c6c7ccccc7c(-c7cccc8c9ccccc9n(-c9ccccc9)c78)c7ccccc67)ccc5c4)cccc32)cc1,-5.146246910095215,-1.7509669065475464,3.0957605838775635,1.6679034233093262
c1ccc(-n2c3ccccc3c3cc(-c4ccc5cc(-c6c7ccccc7c(-c7cccc8c9ccccc9n(-c9ccccc9)c78)c7ccccc67)ccc5c4)ccc32)cc1,-5.125124931335449,-1.7860959768295288,3.0840842723846436,1.67368745803833
c1ccc(-n2c3ccccc3c3ccc(-c4ccc5cc(-c6c7ccccc7c(-c7cccc8c9ccccc9n(-c9ccccc9)c78)c7ccccc67)ccc5c4)cc32)cc1,-5.148733139038086,-1.7594223022460938,3.100550889968872,1.6752617359161377
c1ccc(-n2c3ccccc3c3cccc(-c4ccc5cc(-c6c7ccccc7c(-c7cccc8c9ccccc9n(-c9ccccc9)c78)c7ccccc67)ccc5c4)c32)cc1,-5.169043064117432,-1.7711029052734375,3.0928266048431396,1.6761260032653809
c1ccc(-n2c3ccccc3c3cccc(-c4c5ccccc5c(-c5ccc6cc(-c7ccccc7-n7c8ccccc8c8ccccc87)ccc6c5)c5ccccc45)c32)cc1,-5.197317123413086,-1.7894084453582764,3.084144115447998,1.6747530698776245
c1ccc(-n2c3ccccc3c3cccc(-c4c5ccccc5c(-c5ccc6cc(-c7cccc(-n8c9ccccc9c9ccccc98)c7)ccc6c5)c5ccccc45)c32)cc1,-5.213894367218018,-1.8109827041625977,3.090730667114258,1.6763335466384888
c1ccc(-n2c3ccccc3c3cccc(-c4c5ccccc5c(-c5ccc6cc(-c7ccc(-n8c9ccccc9c9ccccc98)cc7)ccc6c5)c5ccccc45)c32)cc1,-5.221052169799805,-1.8228594064712524,3.086719036102295,1.674533724784851
c1ccc(-n2c3ccccc3c3c(-c4cccc5cc(-c6c7ccccc7c(-c7cccc8c9ccccc9n(-c9ccccc9)c78)c7ccccc67)ccc45)cccc32)cc1,-5.142810821533203,-1.7475672960281372,3.0902516841888428,1.654329776763916
c1ccc(-n2c3ccccc3c3cc(-c4cccc5cc(-c6c7ccccc7c(-c7cccc8c9ccccc9n(-c9ccccc9)c78)c7ccccc67)ccc45)ccc32)cc1,-5.134763717651367,-1.8077573776245117,3.073575735092163,1.668586254119873
c1ccc(-n2c3ccccc3c3c(-c4c5ccccc5c(-c5ccc6cc(-c7cccc8c9ccccc9n(-c9ccccc9)c78)ccc6c5)c5ccccc45)cccc32)cc1,-5.0949788093566895,-1.7621245384216309,3.1051015853881836,1.6670873165130615
c1ccc(-n2c3ccccc3c3ccc(-c4cccc5cc(-c6c7ccccc7c(-c7cccc8c9ccccc9n(-c9ccccc9)c78)c7ccccc67)ccc45)cc32)cc1,-5.149068355560303,-1.7598581314086914,3.0884554386138916,1.6666821241378784
c1ccc(-n2c3ccccc3c3cccc(-c4cccc5cc(-c6c7ccccc7c(-c7cccc8c9ccccc9n(-c9ccccc9)c78)c7ccccc67)ccc45)c32)cc1,-5.155040264129639,-1.7507926225662231,3.0815694332122803,1.6608140468597412
c1ccc(-n2c3ccccc3c3cccc(-c4c5ccccc5c(-c5ccc6c(-c7ccccc7-n7c8ccccc8c8ccccc87)cccc6c5)c5ccccc45)c32)cc1,-5.163353443145752,-1.7752870321273804,3.0879764556884766,1.6662379503250122
c1ccc(-n2c3ccccc3c3cccc(-c4c5ccccc5c(-c5ccc6c(-c7cccc(-n8c9ccccc9c9ccccc98)c7)cccc6c5)c5ccccc45)c32)cc1,-5.214245796203613,-1.8121159076690674,3.0906708240509033,1.6703906059265137
c1ccc(-n2c3ccccc3c3cccc(-c4c5ccccc5c(-c5ccc6c(-c7ccc(-n8c9ccccc9c9ccccc98)cc7)cccc6c5)c5ccccc45)c32)cc1,-5.232118129730225,-1.8607560396194458,3.0603127479553223,1.6658215522766113
c1ccc(-n2c3ccccc3c3c(-c4ccc(-c5c6ccccc6c(-c6cccc7c8ccccc8n(-c8ccccc8)c67)c6ccccc56)c5ccccc45)cccc32)cc1,-5.1395721435546875,-1.7259495258331299,3.0885751247406006,1.6655662059783936
c1ccc(-n2c3ccccc3c3cc(-c4ccc(-c5c6ccccc6c(-c6cccc7c8ccccc8n(-c8ccccc8)c67)c6ccccc56)c5ccccc45)ccc32)cc1,-5.137255668640137,-1.7500081062316895,3.066540002822876,1.6808109283447266
c1ccc(-n2c3ccccc3c3ccc(-c4ccc(-c5c6ccccc6c(-c6cccc7c8ccccc8n(-c8ccccc8)c67)c6ccccc56)c5ccccc45)cc32)cc1,-5.124356269836426,-1.742162823677063,3.087677001953125,1.6677091121673584
c1ccc(-n2c3ccccc3c3cccc(-c4ccc(-c5c6ccccc6c(-c6cccc7c8ccccc8n(-c8ccccc8)c67)c6ccccc56)c5ccccc45)c32)cc1,-5.200984001159668,-1.7338818311691284,3.0951616764068604,1.6831481456756592
c1ccc(-n2c3ccccc3c3cccc(-c4c5ccccc5c(-c5ccc(-c6ccccc6-n6c7ccccc7c7ccccc76)c6ccccc56)c5ccccc45)c32)cc1,-5.207087993621826,-1.7554997205734253,3.086479425430298,1.6701351404190063
c1ccc(-n2c3ccccc3c3c(-c4c5ccccc5c(-c5ccc6cc(-c7ccccc7-n7c8ccccc8c8ccccc87)ccc6c5)c5ccccc45)cccc32)cc1,-5.106747150421143,-1.7654370069503784,3.0837249755859375,1.6666765213012695
c1ccc(-n2c3ccccc3c3cccc(-c4c5ccccc5c(-c5ccc(-c6cccc(-n7c8ccccc8c8ccccc87)c6)c6ccccc56)c5ccccc45)c32)cc1,-5.201115608215332,-1.7888418436050415,3.090371608734131,1.6798838376998901
c1ccc(-n2c3ccccc3c3cccc(-c4c5ccccc5c(-c5ccc(-c6ccc(-n7c8ccccc8c8ccccc87)cc6)c6ccccc56)c5ccccc45)c32)cc1,-5.236904621124268,-1.8028759956359863,3.06192946434021,1.6860793828964233
c1ccc(-n2c3ccccc3c3c(-c4cc(-c5c6ccccc6c(-c6cccc7c8ccccc8n(-c8ccccc8)c67)c6ccccc56)c5ccccc5c4)cccc32)cc1,-5.174581527709961,-1.7363225221633911,3.0961198806762695,1.6673482656478882
c1ccc(-n2c3ccccc3c3cc(-c4cc(-c5c6ccccc6c(-c6cccc7c8ccccc8n(-c8ccccc8)c67)c6ccccc56)c5ccccc5c4)ccc32)cc1,-5.118515968322754,-1.7554997205734253,3.0944433212280273,1.6671706438064575
c1ccc(-n2c3ccccc3c3ccc(-c4cc(-c5c6ccccc6c(-c6cccc7c8ccccc8n(-c8ccccc8)c67)c6ccccc56)c5ccccc5c4)cc32)cc1,-5.208273410797119,-1.7716259956359863,3.088036298751831,1.6769747734069824
c1ccc(-n2c3ccccc3c3cccc(-c4cc(-c5c6ccccc6c(-c6cccc7c8ccccc8n(-c8ccccc8)c67)c6ccccc56)c5ccccc5c4)c32)cc1,-5.197865962982178,-1.731964111328125,3.103724241256714,1.6918030977249146
c1ccc(-n2c3ccccc3c3cccc(-c4c5ccccc5c(-c5cc(-c6ccccc6-n6c7ccccc7c7ccccc76)cc6ccccc56)c5ccccc45)c32)cc1,-5.231503009796143,-1.7656112909317017,3.0967185497283936,1.697043776512146
c1ccc(-n2c3ccccc3c3cccc(-c4c5ccccc5c(-c5cc(-c6cccc(-n7c8ccccc8c8ccccc87)c6)cc6ccccc56)c5ccccc45)c32)cc1,-5.256709098815918,-1.7983431816101074,3.101149559020996,1.6938904523849487
c1ccc(-n2c3ccccc3c3cccc(-c4c5ccccc5c(-c5cc(-c6ccc(-n7c8ccccc8c8ccccc87)cc6)cc6ccccc56)c5ccccc45)c32)cc1,-5.29886531829834,-1.8346272706985474,3.075641393661499,1.6895490884780884
c1ccc(-n2c3ccccc3c3c(-c4ccc5ccccc5c4-c4c5ccccc5c(-c5cccc6c7ccccc7n(-c7ccccc7)c56)c5ccccc45)cccc32)cc1,-5.062790870666504,-1.7159249782562256,3.0431575775146484,1.6492667198181152
c1ccc(-n2c3ccccc3c3c(-c4c5ccccc5c(-c5ccc6cc(-c7cccc(-n8c9ccccc9c9ccccc98)c7)ccc6c5)c5ccccc45)cccc32)cc1,-5.1147613525390625,-1.7797327041625977,3.10588002204895,1.6739643812179565
c1ccc(-n2c3ccccc3c3cc(-c4ccc5ccccc5c4-c4c5ccccc5c(-c5cccc6c7ccccc7n(-c7ccccc7)c56)c5ccccc45)ccc32)cc1,-5.075920581817627,-1.75863778591156,3.028644561767578,1.6582491397857666
c1ccc(-n2c3ccccc3c3ccc(-c4ccc5ccccc5c4-c4c5ccccc5c(-c5cccc6c7ccccc7n(-c7ccccc7)c56)c5ccccc45)cc32)cc1,-5.059014320373535,-1.7290875911712646,3.0499837398529053,1.6454249620437622
c1ccc(-n2c3ccccc3c3cccc(-c4ccc5ccccc5c4-c4c5ccccc5c(-c5cccc6c7ccccc7n(-c7ccccc7)c56)c5ccccc45)c32)cc1,-5.113795280456543,-1.7433831691741943,3.0663304328918457,1.6502659320831299
c1ccc(-n2c3ccccc3c3cccc(-c4c5ccccc5c(-c5c(-c6ccccc6-n6c7ccccc7c7ccccc76)ccc6ccccc56)c5ccccc45)c32)cc1,-5.193365097045898,-1.7873599529266357,3.0463759899139404,1.6645668745040894
c1ccc(-n2c3ccccc3c3cccc(-c4c5ccccc5c(-c5c(-c6cccc(-n7c8ccccc8c8ccccc87)c6)ccc6ccccc56)c5ccccc45)c32)cc1,-5.225223541259766,-1.7970356941223145,3.09144926071167,1.6609361171722412
c1ccc(-n2c3ccccc3c3cccc(-c4c5ccccc5c(-c5c(-c6ccc(-n7c8ccccc8c8ccccc87)cc6)ccc6ccccc56)c5ccccc45)c32)cc1,-5.235191822052002,-1.8373295068740845,3.053067445755005,1.661435842514038
c1ccc(-n2c3ccccc3c3c(-c4ccc5c(-c6c7ccccc7c(-c7cccc8c9ccccc9n(-c9ccccc9)c78)c7ccccc67)cccc5c4)cccc32)cc1,-5.168598175048828,-1.7442549467086792,3.1013293266296387,1.6639728546142578
c1ccc(-n2c3ccccc3c3cc(-c4ccc5c(-c6c7ccccc7c(-c7cccc8c9ccccc9n(-c9ccccc9)c78)c7ccccc67)cccc5c4)ccc32)cc1,-5.148244857788086,-1.7805607318878174,3.0758509635925293,1.673448085784912
c1ccc(-n2c3ccccc3c3ccc(-c4ccc5c(-c6c7ccccc7c(-c7cccc8c9ccccc9n(-c9ccccc9)c78)c7ccccc67)cccc5c4)cc32)cc1,-5.158352375030518,-1.7536691427230835,3.1042633056640625,1.6645280122756958
c1ccc(-n2c3ccccc3c3cccc(-c4ccc5c(-c6c7ccccc7c(-c7cccc8c9ccccc9n(-c9ccccc9)c78)c7ccccc67)cccc5c4)c32)cc1,-5.186427116394043,-1.7692723274230957,3.0850422382354736,1.671475887298584
c1ccc(-n2c3ccccc3c3c(-c4c5ccccc5c(-c5ccc6cc(-c7ccc(-n8c9ccccc9c9ccccc98)cc7)ccc6c5)c5ccccc45)cccc32)cc1,-5.135554313659668,-1.7958588600158691,3.1046226024627686,1.6690304279327393
c1ccc(-n2c3ccccc3c3cccc(-c4c5ccccc5c(-c5cccc6cc(-c7ccccc7-n7c8ccccc8c8ccccc87)ccc56)c5ccccc45)c32)cc1,-5.195121765136719,-1.7794275283813477,3.0963592529296875,1.6727222204208374
c1ccc(-n2c3ccccc3c3cccc(-c4c5ccccc5c(-c5cccc6cc(-c7cccc(-n8c9ccccc9c9ccccc98)c7)ccc56)c5ccccc45)c32)cc1,-5.212225437164307,-1.7944642305374146,3.105161428451538,1.669002652168274
c1ccc(-n2c3ccccc3c3cccc(-c4c5ccccc5c(-c5cccc6cc(-c7ccc(-n8c9ccccc9c9ccccc98)cc7)ccc56)c5ccccc45)c32)cc1,-5.2621541023254395,-1.8342349529266357,3.066899299621582,1.676216959953308
c1ccc(-n2c3ccccc3c3c(-c4cccc5c(-c6c7ccccc7c(-c7cccc8c9ccccc9n(-c9ccccc9)c78)c7ccccc67)cccc45)cccc32)cc1,-5.1468505859375,-1.7140945196151733,3.108933687210083,1.6554068326950073
c1ccc(-n2c3ccccc3c3cc(-c4cccc5c(-c6c7ccccc7c(-c7cccc8c9ccccc9n(-c9ccccc9)c78)c7ccccc67)cccc45)ccc32)cc1,-5.1250810623168945,-1.7578532695770264,3.085222005844116,1.6710011959075928
c1ccc(-n2c3ccccc3c3ccc(-c4cccc5c(-c6c7ccccc7c(-c7cccc8c9ccccc9n(-c9ccccc9)c78)c7ccccc67)cccc45)cc32)cc1,-5.147092342376709,-1.7317898273468018,3.100910186767578,1.6661769151687622
c1ccc(-n2c3ccccc3c3cccc(-c4cccc5c(-c6c7ccccc7c(-c7cccc8c9ccccc9n(-c9ccccc9)c78)c7ccccc67)cccc45)c32)cc1,-5.1632490158081055,-1.7287389039993286,3.0959999561309814,1.6692469120025635
c1ccc(-n2c3ccccc3c3cccc(-c4c5ccccc5c(-c5cccc6c(-c7ccccc7-n7c8ccccc8c8ccccc87)cccc56)c5ccccc45)c32)cc1,-5.1789727210998535,-1.7289131879806519,3.101868152618408,1.6720366477966309
c1ccc(-n2c3ccccc3c3cccc(-c4c5ccccc5c(-c5cccc6c(-c7cccc(-n8c9ccccc9c9ccccc98)c7)cccc56)c5ccccc45)c32)cc1,-5.206912040710449,-1.7808222770690918,3.112945556640625,1.674912691116333
c1ccc(-n2c3ccccc3c3cccc(-c4c5ccccc5c(-c5cccc6c(-c7ccc(-n8c9ccccc9c9ccccc98)cc7)cccc56)c5ccccc45)c32)cc1,-5.231503009796143,-1.807539463043213,3.0900721549987793,1.6698381900787354
c1ccc(-n2c3ccccc3c3c(-c4cccc5cc(-c6c7ccccc7c(-c7cccc8c7c7ccccc7n8-c7ccccc7)c7ccccc67)ccc45)cccc32)cc1,-5.061737060546875,-1.7256879806518555,3.0885751247406006,1.6471127271652222
c1ccc(-n2c3ccccc3c3c(-c4cc(-c5c6ccccc6c(-c6ccccc6-n6c7ccccc7c7ccccc76)c6ccccc56)cc5ccccc45)cccc32)cc1,-5.155884265899658,-1.7946385145187378,3.044295310974121,1.6330560445785522
c1ccc(-n2c3ccccc3c3cc(-c4cc(-c5c6ccccc6c(-c6ccccc6-n6c7ccccc7c7ccccc76)c6ccccc56)cc5ccccc45)ccc32)cc1,-5.160226345062256,-1.8207892179489136,3.0274994373321533,1.6388297080993652
c1ccc(-n2c3ccccc3c3ccc(-c4cc(-c5c6ccccc6c(-c6ccccc6-n6c7ccccc7c7ccccc76)c6ccccc56)cc5ccccc45)cc32)cc1,-5.164827346801758,-1.804619312286377,3.0355679988861084,1.6414055824279785
c1ccc(-n2c3ccccc3c3cccc(-c4cc(-c5c6ccccc6c(-c6ccccc6-n6c7ccccc7c7ccccc76)c6ccccc56)cc5ccccc45)c32)cc1,-5.203882217407227,-1.7803428173065186,3.0604922771453857,1.6496886014938354
c1ccc(-n2c3ccccc3c3ccccc32)c(-c2cc(-c3c4ccccc4c(-c4ccccc4-n4c5ccccc5c5ccccc54)c4ccccc34)cc3ccccc23)c1,-5.231810569763184,-1.8402278423309326,3.036271572113037,1.6338554620742798
c1cc(-c2cc(-c3c4ccccc4c(-c4ccccc4-n4c5ccccc5c5ccccc54)c4ccccc34)cc3ccccc23)cc(-n2c3ccccc3c3ccccc32)c1,-5.2762064933776855,-1.862396001815796,3.041316270828247,1.648822546005249
c1ccc(-n2c3ccccc3c3ccccc32)c(-c2c3ccccc3c(-c3cc(-c4ccc(-n5c6ccccc6c6ccccc65)cc4)c4ccccc4c3)c3ccccc23)c1,-5.28331995010376,-1.89370596408844,3.0053443908691406,1.648000955581665
c1ccc(-n2c3ccccc3c3c(-c4cc5ccccc5cc4-c4c5ccccc5c(-c5ccccc5-n5c6ccccc6c6ccccc65)c5ccccc45)cccc32)cc1,-5.043381214141846,-1.8389203548431396,2.981363296508789,1.6208869218826294
c1ccc(-n2c3ccccc3c3cc(-c4cc5ccccc5cc4-c4c5ccccc5c(-c5ccccc5-n5c6ccccc6c6ccccc65)c5ccccc45)ccc32)cc1,-5.002806186676025,-1.859197974205017,2.9127726554870605,1.6413612365722656
c1ccc(-n2c3ccccc3c3ccc(-c4cc5ccccc5cc4-c4c5ccccc5c(-c5ccccc5-n5c6ccccc6c6ccccc65)c5ccccc45)cc32)cc1,-5.05023193359375,-1.8629488945007324,2.9611542224884033,1.6289256811141968
c1ccc(-n2c3ccccc3c3cc(-c4cccc5cc(-c6c7ccccc7c(-c7cccc8c7c7ccccc7n8-c7ccccc7)c7ccccc67)ccc45)ccc32)cc1,-5.043205738067627,-1.795117974281311,3.073845148086548,1.6608362197875977
c1ccc(-n2c3ccccc3c3cccc(-c4cc5ccccc5cc4-c4c5ccccc5c(-c5ccccc5-n5c6ccccc6c6ccccc65)c5ccccc45)c32)cc1,-5.093573570251465,-1.8460572957992554,3.009622097015381,1.6275488138198853
c1ccc(-n2c3ccccc3c3ccccc32)c(-c2cc3ccccc3cc2-c2c3ccccc3c(-c3ccccc3-n3c4ccccc4c4ccccc43)c3ccccc23)c1,-5.198546886444092,-1.9259147644042969,2.9850456714630127,1.6258167028427124
c1cc(-c2cc3ccccc3cc2-c2c3ccccc3c(-c3ccccc3-n3c4ccccc4c4ccccc43)c3ccccc23)cc(-n2c3ccccc3c3ccccc32)c1,-5.236377716064453,-1.9416052103042603,2.9964823722839355,1.6157793998718262
c1ccc(-n2c3ccccc3c3ccccc32)c(-c2c3ccccc3c(-c3cc4ccccc4cc3-c3ccc(-n4c5ccccc5c5ccccc54)cc3)c3ccccc23)c1,-5.229307651519775,-1.967058539390564,2.9574718475341797,1.6349879503250122
c1ccc(-n2c3ccccc3c3c(-c4c(-c5c6ccccc6c(-c6ccccc6-n6c7ccccc7c7ccccc76)c6ccccc56)ccc5ccccc45)cccc32)cc1,-5.112982749938965,-1.787534236907959,3.0278661251068115,1.6354764699935913
c1ccc(-n2c3ccccc3c3cc(-c4c(-c5c6ccccc6c(-c6ccccc6-n6c7ccccc7c7ccccc76)c6ccccc56)ccc5ccccc45)ccc32)cc1,-5.031876087188721,-1.8152974843978882,2.9445080757141113,1.635609745979309
c1ccc(-n2c3ccccc3c3ccc(-c4c(-c5c6ccccc6c(-c6ccccc6-n6c7ccccc7c7ccccc76)c6ccccc56)ccc5ccccc45)cc32)cc1,-5.107625484466553,-1.806972861289978,2.9956741333007812,1.6239514350891113
c1ccc(-n2c3ccccc3c3cccc(-c4c(-c5c6ccccc6c(-c6ccccc6-n6c7ccccc7c7ccccc76)c6ccccc56)ccc5ccccc45)c32)cc1,-5.118845462799072,-1.7867062091827393,3.029550313949585,1.6327229738235474
c1ccc(-n2c3ccccc3c3ccccc32)c(-c2c(-c3c4ccccc4c(-c4ccccc4-n4c5ccccc5c5ccccc54)c4ccccc34)ccc3ccccc23)c1,-5.258728981018066,-1.8610748052597046,3.002851963043213,1.6363869905471802
c1cc(-c2c(-c3c4ccccc4c(-c4ccccc4-n4c5ccccc5c5ccccc54)c4ccccc34)ccc3ccccc23)cc(-n2c3ccccc3c3ccccc32)c1,-5.276294231414795,-1.8810337781906128,3.009842872619629,1.6302357912063599
c1ccc(-n2c3ccccc3c3c(-c4c5ccccc5c(-c5cc(-c6cccc7c8ccccc8n(-c8ccccc8)c67)c6ccccc6c5)c5ccccc45)cccc32)cc1,-5.0954179763793945,-1.7318769693374634,3.1143229007720947,1.6537967920303345
c1ccc(-n2c3ccccc3c3ccc(-c4cccc5cc(-c6c7ccccc7c(-c7cccc8c7c7ccccc7n8-c7ccccc7)c7ccccc67)ccc45)cc32)cc1,-5.073505401611328,-1.738850474357605,3.1034250259399414,1.6571388244628906
c1ccc(-n2c3ccccc3c3ccccc32)c(-c2c3ccccc3c(-c3ccc4ccccc4c3-c3ccc(-n4c5ccccc5c5ccccc54)cc3)c3ccccc23)c1,-5.28692102432251,-1.9143213033676147,2.971513271331787,1.6359206438064575
c1ccc(-n2c3ccccc3c3c(-c4ccc5cc(-c6c7ccccc7c(-c7ccccc7-n7c8ccccc8c8ccccc87)c7ccccc67)ccc5c4)cccc32)cc1,-5.183704376220703,-1.7906723022460938,3.0416157245635986,1.646113395690918
c1ccc(-n2c3ccccc3c3cc(-c4ccc5cc(-c6c7ccccc7c(-c7ccccc7-n7c8ccccc8c8ccccc87)c7ccccc67)ccc5c4)ccc32)cc1,-5.157711982727051,-1.8373948335647583,3.020998954772949,1.650154948234558
c1ccc(-n2c3ccccc3c3ccc(-c4ccc5cc(-c6c7ccccc7c(-c7ccccc7-n7c8ccccc8c8ccccc87)c7ccccc67)ccc5c4)cc32)cc1,-5.188995838165283,-1.8088905811309814,3.0383074283599854,1.6551958322525024
c1ccc(-n2c3ccccc3c3cccc(-c4ccc5cc(-c6c7ccccc7c(-c7ccccc7-n7c8ccccc8c8ccccc87)c7ccccc67)ccc5c4)c32)cc1,-5.207571029663086,-1.825278401374817,3.0327985286712646,1.6465797424316406
c1ccc(-n2c3ccccc3c3ccccc32)c(-c2ccc3cc(-c4c5ccccc5c(-c5ccccc5-n5c6ccccc6c6ccccc65)c5ccccc45)ccc3c2)c1,-5.245906352996826,-1.8315763473510742,3.01877498626709,1.6524533033370972
c1cc(-c2ccc3cc(-c4c5ccccc5c(-c5ccccc5-n5c6ccccc6c6ccccc65)c5ccccc45)ccc3c2)cc(-n2c3ccccc3c3ccccc32)c1,-5.256094455718994,-1.8511021137237549,3.038486957550049,1.6550514698028564
c1ccc(-n2c3ccccc3c3ccccc32)c(-c2c3ccccc3c(-c3ccc4cc(-c5ccc(-n6c7ccccc7c7ccccc76)cc5)ccc4c3)c3ccccc23)c1,-5.27761173248291,-1.8742237091064453,3.0192699432373047,1.6545629501342773
c1ccc(-n2c3ccccc3c3c(-c4cccc5cc(-c6c7ccccc7c(-c7ccccc7-n7c8ccccc8c8ccccc87)c7ccccc67)ccc45)cccc32)cc1,-5.18822717666626,-1.7854857444763184,3.0420048236846924,1.6260387897491455
c1ccc(-n2c3ccccc3c3cc(-c4cccc5cc(-c6c7ccccc7c(-c7ccccc7-n7c8ccccc8c8ccccc87)c7ccccc67)ccc45)ccc32)cc1,-5.158361911773682,-1.8479750156402588,3.0070061683654785,1.644492268562317
c1ccc(-n2c3ccccc3c3c(-c4c5ccccc5c(-c5ccc6c(-c7cccc8c9ccccc9n(-c9ccccc9)c78)cccc6c5)c5ccccc45)cccc32)cc1,-5.072583198547363,-1.727954387664795,3.1015686988830566,1.6593483686447144
c1ccc(-n2c3ccccc3c3ccc(-c4cccc5cc(-c6c7ccccc7c(-c7ccccc7-n7c8ccccc8c8ccccc87)c7ccccc67)ccc45)cc32)cc1,-5.1784348487854,-1.8023093938827515,3.032177448272705,1.642271637916565
c1ccc(-n2c3ccccc3c3cccc(-c4cccc5cc(-c6c7ccccc7c(-c7ccccc7-n7c8ccccc8c8ccccc87)c7ccccc67)ccc45)c32)cc1,-5.195933818817139,-1.789539098739624,3.0400888919830322,1.645202875137329
c1ccc(-n2c3ccccc3c3ccccc32)c(-c2cccc3cc(-c4c5ccccc5c(-c5ccccc5-n5c6ccccc6c6ccccc65)c5ccccc45)ccc23)c1,-5.241822719573975,-1.8214647769927979,3.0363614559173584,1.6430267095565796
c1cc(-c2cccc3cc(-c4c5ccccc5c(-c5ccccc5-n5c6ccccc6c6ccccc65)c5ccccc45)ccc23)cc(-n2c3ccccc3c3ccccc32)c1,-5.2602219581604,-1.8475826978683472,3.0383822917938232,1.6473346948623657
c1ccc(-n2c3ccccc3c3ccccc32)c(-c2c3ccccc3c(-c3ccc4c(-c5ccc(-n6c7ccccc7c7ccccc76)cc5)cccc4c3)c3ccccc23)c1,-5.260397911071777,-1.8932700157165527,2.999596118927002,1.6408504247665405
c1ccc(-n2c3ccccc3c3c(-c4ccc(-c5c6ccccc6c(-c6ccccc6-n6c7ccccc7c7ccccc76)c6ccccc56)c5ccccc45)cccc32)cc1,-5.171573638916016,-1.785921573638916,3.0178496837615967,1.636520266532898
c1ccc(-n2c3ccccc3c3cc(-c4ccc(-c5c6ccccc6c(-c6ccccc6-n6c7ccccc7c7ccccc76)c6ccccc56)c5ccccc45)ccc32)cc1,-5.1617560386657715,-1.809893012046814,2.994551420211792,1.6558842658996582
c1ccc(-n2c3ccccc3c3ccc(-c4ccc(-c5c6ccccc6c(-c6ccccc6-n6c7ccccc7c7ccccc76)c6ccccc56)c5ccccc45)cc32)cc1,-5.17988395690918,-1.802963137626648,3.0119385719299316,1.6476678848266602
c1ccc(-n2c3ccccc3c3cccc(-c4ccc(-c5c6ccccc6c(-c6ccccc6-n6c7ccccc7c7ccccc76)c6ccccc56)c5ccccc45)c32)cc1,-5.240198135375977,-1.7946821451187134,3.0377535820007324,1.6479787826538086
c1ccc(-n2c3ccccc3c3ccccc32)c(-c2ccc(-c3c4ccccc4c(-c4ccccc4-n4c5ccccc5c5ccccc54)c4ccccc34)c3ccccc23)c1,-5.265403747558594,-1.8133362531661987,3.0182294845581055,1.6421384811401367
c1ccc(-n2c3ccccc3c3c(-c4c5ccccc5c(-c5ccc6c(-c7ccccc7-n7c8ccccc8c8ccccc87)cccc6c5)c5ccccc45)cccc32)cc1,-5.111050605773926,-1.7556740045547485,3.083186149597168,1.6559175252914429
c1cc(-c2ccc(-c3c4ccccc4c(-c4ccccc4-n4c5ccccc5c5ccccc54)c4ccccc34)c3ccccc23)cc(-n2c3ccccc3c3ccccc32)c1,-5.279982566833496,-1.8561525344848633,3.0200858116149902,1.6529641151428223
c1ccc(-n2c3ccccc3c3ccccc32)c(-c2c3ccccc3c(-c3ccc(-c4ccc(-n5c6ccccc6c6ccccc65)cc4)c4ccccc34)c3ccccc23)c1,-5.2872724533081055,-1.8674530982971191,2.9835188388824463,1.6582603454589844
c1ccc(-n2c3ccccc3c3c(-c4cc(-c5c6ccccc6c(-c6ccccc6-n6c7ccccc7c7ccccc76)c6ccccc56)c5ccccc5c4)cccc32)cc1,-5.18998384475708,-1.7735435962677002,3.0452980995178223,1.635876178741455
c1ccc(-n2c3ccccc3c3cc(-c4cc(-c5c6ccccc6c(-c6ccccc6-n6c7ccccc7c7ccccc76)c6ccccc56)c5ccccc5c4)ccc32)cc1,-5.166386127471924,-1.8208545446395874,3.017291784286499,1.6312572956085205
c1ccc(-n2c3ccccc3c3ccc(-c4cc(-c5c6ccccc6c(-c6ccccc6-n6c7ccccc7c7ccccc76)c6ccccc56)c5ccccc5c4)cc32)cc1,-5.191652297973633,-1.8034861087799072,3.024082660675049,1.640606164932251
c1ccc(-n2c3ccccc3c3cccc(-c4cc(-c5c6ccccc6c(-c6ccccc6-n6c7ccccc7c7ccccc76)c6ccccc56)c5ccccc5c4)c32)cc1,-5.218110084533691,-1.7751998901367188,3.0479776859283447,1.655029296875
c1ccc(-n2c3ccccc3c3ccccc32)c(-c2cc(-c3c4ccccc4c(-c4ccccc4-n4c5ccccc5c5ccccc54)c4ccccc34)c3ccccc3c2)c1,-5.284813404083252,-1.817084550857544,3.020547866821289,1.6608806848526
c1cc(-c2cc(-c3c4ccccc4c(-c4ccccc4-n4c5ccccc5c5ccccc54)c4ccccc34)c3ccccc3c2)cc(-n2c3ccccc3c3ccccc32)c1,-5.292892932891846,-1.8381575345993042,3.0313539505004883,1.6537079811096191
c1ccc(-n2c3ccccc3c3ccccc32)c(-c2c3ccccc3c(-c3cc(-c4ccc(-n5c6ccccc6c6ccccc65)cc4)cc4ccccc34)c3ccccc23)c1,-5.302992820739746,-1.8794102668762207,2.9983835220336914,1.6474679708480835
c1ccc(-n2c3ccccc3c3c(-c4ccc5ccccc5c4-c4c5ccccc5c(-c5ccccc5-n5c6ccccc6c6ccccc65)c5ccccc45)cccc32)cc1,-5.1034979820251465,-1.7853986024856567,3.0235774517059326,1.618133306503296
c1ccc(-n2c3ccccc3c3c(-c4c5ccccc5c(-c5ccc6c(-c7cccc(-n8c9ccccc9c9ccccc98)c7)cccc6c5)c5ccccc45)cccc32)cc1,-5.1150689125061035,-1.7679648399353027,3.1065986156463623,1.6701380014419556
c1ccc(-n2c3ccccc3c3cc(-c4ccc5ccccc5c4-c4c5ccccc5c(-c5ccccc5-n5c6ccccc6c6ccccc65)c5ccccc45)ccc32)cc1,-5.06876277923584,-1.8142950534820557,2.970644950866699,1.631279468536377
c1ccc(-n2c3ccccc3c3ccc(-c4ccc5ccccc5c4-c4c5ccccc5c(-c5ccccc5-n5c6ccccc6c6ccccc65)c5ccccc45)cc32)cc1,-5.128659725189209,-1.8130311965942383,3.0037951469421387,1.6185330152511597
c1ccc(-n2c3ccccc3c3cccc(-c4ccc5ccccc5c4-c4c5ccccc5c(-c5ccccc5-n5c6ccccc6c6ccccc65)c5ccccc45)c32)cc1,-5.142031192779541,-1.7894084453582764,3.0340261459350586,1.6330782175064087
c1ccc(-n2c3ccccc3c3ccccc32)c(-c2ccc3ccccc3c2-c2c3ccccc3c(-c3ccccc3-n3c4ccccc4c4ccccc43)c3ccccc23)c1,-5.2836713790893555,-1.8507534265518188,3.027012825012207,1.6402952671051025
c1cc(-c2ccc3ccccc3c2-c2c3ccccc3c(-c3ccccc3-n3c4ccccc4c4ccccc43)c3ccccc23)cc(-n2c3ccccc3c3ccccc32)c1,-5.269531726837158,-1.861862063407898,3.0170300006866455,1.6204872131347656
c1ccc(-n2c3ccccc3c3ccccc32)c(-c2c3ccccc3c(-c3c(-c4ccc(-n5c6ccccc6c6ccccc65)cc4)ccc4ccccc34)c3ccccc23)c1,-5.266369819641113,-1.9147136211395264,3.000718832015991,1.6263052225112915
c1ccc(-n2c3ccccc3c3c(-c4ccc5c(-c6c7ccccc7c(-c7ccccc7-n7c8ccccc8c8ccccc87)c7ccccc67)cccc5c4)cccc32)cc1,-5.204760551452637,-1.7938976287841797,3.035957098007202,1.6240845918655396
c1ccc(-n2c3ccccc3c3cc(-c4ccc5c(-c6c7ccccc7c(-c7ccccc7-n7c8ccccc8c8ccccc87)c7ccccc67)cccc5c4)ccc32)cc1,-5.1788740158081055,-1.8267602920532227,3.0108120441436768,1.6340997219085693
c1ccc(-n2c3ccccc3c3ccc(-c4ccc5c(-c6c7ccccc7c(-c7ccccc7-n7c8ccccc8c8ccccc87)c7ccccc67)cccc5c4)cc32)cc1,-5.203179359436035,-1.8133362531661987,3.0375289916992188,1.6369643211364746
c1ccc(-n2c3ccccc3c3cccc(-c4ccc5c(-c6c7ccccc7c(-c7ccccc7-n7c8ccccc8c8ccccc87)c7ccccc67)cccc5c4)c32)cc1,-5.2001495361328125,-1.802614450454712,3.021185874938965,1.63789701461792
c1ccc(-n2c3ccccc3c3c(-c4c5ccccc5c(-c5ccc6c(-c7ccc(-n8c9ccccc9c9ccccc98)cc7)cccc6c5)c5ccccc45)cccc32)cc1,-5.133116722106934,-1.7999122142791748,3.1055805683135986,1.6655994653701782
c1ccc(-n2c3ccccc3c3ccccc32)c(-c2ccc3c(-c4c5ccccc5c(-c5ccccc5-n5c6ccccc6c6ccccc65)c5ccccc45)cccc3c2)c1,-5.272078514099121,-1.8322737216949463,3.0222225189208984,1.6390295028686523
c1cc(-c2ccc3c(-c4c5ccccc5c(-c5ccccc5-n5c6ccccc6c6ccccc65)c5ccccc45)cccc3c2)cc(-n2c3ccccc3c3ccccc32)c1,-5.254337787628174,-1.8329709768295288,3.0242583751678467,1.6474236249923706
c1ccc(-n2c3ccccc3c3ccccc32)c(-c2c3ccccc3c(-c3cccc4cc(-c5ccc(-n6c7ccccc7c7ccccc76)cc5)ccc34)c3ccccc23)c1,-5.30062198638916,-1.8972580432891846,2.9803154468536377,1.6396069526672363
c1ccc(-n2c3ccccc3c3c(-c4cccc5c(-c6c7ccccc7c(-c7ccccc7-n7c8ccccc8c8ccccc87)c7ccccc67)cccc45)cccc32)cc1,-5.202542781829834,-1.775025486946106,3.0536062717437744,1.6235960721969604
c1ccc(-n2c3ccccc3c3cc(-c4cccc5c(-c6c7ccccc7c(-c7ccccc7-n7c8ccccc8c8ccccc87)c7ccccc67)cccc45)ccc32)cc1,-5.159684658050537,-1.795379400253296,3.0069236755371094,1.64833402633667
c1ccc(-n2c3ccccc3c3ccc(-c4cccc5c(-c6c7ccccc7c(-c7ccccc7-n7c8ccccc8c8ccccc87)c7ccccc67)cccc45)cc32)cc1,-5.209195613861084,-1.782957911491394,3.048905849456787,1.6406728029251099
c1ccc(-n2c3ccccc3c3cccc(-c4cccc5c(-c6c7ccccc7c(-c7ccccc7-n7c8ccccc8c8ccccc87)c7ccccc67)cccc45)c32)cc1,-5.194484710693359,-1.7741538286209106,3.037214517593384,1.6416054964065552
c1ccc(-n2c3ccccc3c3ccccc32)c(-c2cccc3c(-c4c5ccccc5c(-c5ccccc5-n5c6ccccc6c6ccccc65)c5ccccc45)cccc23)c1,-5.245555400848389,-1.7867933511734009,3.042064666748047,1.6420496702194214
c1cc(-c2cccc3c(-c4c5ccccc5c(-c5ccccc5-n5c6ccccc6c6ccccc65)c5ccccc45)cccc23)cc(-n2c3ccccc3c3ccccc32)c1,-5.282617568969727,-1.8410123586654663,3.044100522994995,1.6387630701065063
c1ccc(-n2c3ccccc3c3ccccc32)c(-c2c3ccccc3c(-c3cccc4c(-c5ccc(-n6c7ccccc7c7ccccc76)cc5)cccc34)c3ccccc23)c1,-5.28323221206665,-1.8574600219726562,3.013132333755493,1.6496886014938354
c1ccc(-n2c3ccccc3c3c(-c4ccc(-c5c6ccccc6c(-c6cccc7c6c6ccccc6n7-c6ccccc6)c6ccccc56)c5ccccc45)cccc32)cc1,-5.054447174072266,-1.7092130184173584,3.0870182514190674,1.6536635160446167
c1ccc(-n2c3ccccc3c3c(-c4cc(-c5c6ccccc6c(-c6cccc(-n7c8ccccc8c8ccccc87)c6)c6ccccc56)cc5ccccc45)cccc32)cc1,-5.187963962554932,-1.7898006439208984,3.1436033248901367,1.6720393896102905
c1ccc(-n2c3ccccc3c3cc(-c4cc(-c5c6ccccc6c(-c6cccc(-n7c8ccccc8c8ccccc87)c6)c6ccccc56)cc5ccccc45)ccc32)cc1,-5.176722049713135,-1.822358250617981,3.1376752853393555,1.6839308738708496
c1ccc(-n2c3ccccc3c3ccc(-c4cc(-c5c6ccccc6c(-c6cccc(-n7c8ccccc8c8ccccc87)c6)c6ccccc56)cc5ccccc45)cc32)cc1,-5.203662395477295,-1.7965998649597168,3.155339479446411,1.6855852603912354
c1ccc(-n2c3ccccc3c3cccc(-c4cc(-c5c6ccccc6c(-c6cccc(-n7c8ccccc8c8ccccc87)c6)c6ccccc56)cc5ccccc45)c32)cc1,-5.231810569763184,-1.7752870321273804,3.1578543186187744,1.6900265216827393
c1cc(-c2c3ccccc3c(-c3cc(-c4ccccc4-n4c5ccccc5c5ccccc54)c4ccccc4c3)c3ccccc23)cc(-n2c3ccccc3c3ccccc32)c1,-5.29798698425293,-1.839094638824463,3.1104307174682617,1.672777771949768
c1cc(-c2cc(-c3c4ccccc4c(-c4cccc(-n5c6ccccc6c6ccccc65)c4)c4ccccc34)cc3ccccc23)cc(-n2c3ccccc3c3ccccc32)c1,-5.3347859382629395,-1.8566646575927734,3.1518664360046387,1.68265962600708
c1cc(-c2c3ccccc3c(-c3cc(-c4ccc(-n5c6ccccc6c6ccccc65)cc4)c4ccccc4c3)c3ccccc23)cc(-n2c3ccccc3c3ccccc32)c1,-5.336454391479492,-1.8878220319747925,3.118753671646118,1.6861737966537476
c1ccc(-n2c3ccccc3c3c(-c4cc5ccccc5cc4-c4c5ccccc5c(-c5cccc(-n6c7ccccc7c7ccccc76)c5)c5ccccc45)cccc32)cc1,-5.105605602264404,-1.8027015924453735,3.0515403747558594,1.678581953048706
c1ccc(-n2c3ccccc3c3cc(-c4cc5ccccc5cc4-c4c5ccccc5c(-c5cccc(-n6c7ccccc7c7ccccc76)c5)c5ccccc45)ccc32)cc1,-5.119240760803223,-1.8341914415359497,3.065671682357788,1.6871063709259033
c1ccc(-n2c3ccccc3c3ccc(-c4cc5ccccc5cc4-c4c5ccccc5c(-c5cccc(-n6c7ccccc7c7ccccc76)c5)c5ccccc45)cc32)cc1,-5.134171009063721,-1.827087163925171,3.082467555999756,1.6829760074615479
c1ccc(-n2c3ccccc3c3cc(-c4ccc(-c5c6ccccc6c(-c6cccc7c6c6ccccc6n7-c6ccccc6)c6ccccc56)c5ccccc45)ccc32)cc1,-5.048738956451416,-1.7511413097381592,3.0713303089141846,1.6606253385543823
c1ccc(-n2c3ccccc3c3cccc(-c4cc5ccccc5cc4-c4c5ccccc5c(-c5cccc(-n6c7ccccc7c7ccccc76)c5)c5ccccc45)c32)cc1,-5.147273063659668,-1.8299418687820435,3.0832459926605225,1.667764663696289
c1cc(-c2c3ccccc3c(-c3cc4ccccc4cc3-c3ccccc3-n3c4ccccc4c4ccccc43)c3ccccc23)cc(-n2c3ccccc3c3ccccc32)c1,-5.305891036987305,-1.9108781814575195,3.046076536178589,1.65696120262146
c1cc(-c2cc3ccccc3cc2-c2c3ccccc3c(-c3cccc(-n4c5ccccc5c5ccccc54)c3)c3ccccc23)cc(-n2c3ccccc3c3ccccc32)c1,-5.291575908660889,-1.9103552103042603,3.108095407485962,1.664977788925171
c1cc(-c2c3ccccc3c(-c3cc4ccccc4cc3-c3ccc(-n4c5ccccc5c5ccccc54)cc3)c3ccccc23)cc(-n2c3ccccc3c3ccccc32)c1,-5.305100917816162,-1.9445253610610962,3.0770785808563232,1.6819045543670654
c1ccc(-n2c3ccccc3c3c(-c4c(-c5c6ccccc6c(-c6cccc(-n7c8ccccc8c8ccccc87)c6)c6ccccc56)ccc5ccccc45)cccc32)cc1,-5.133907318115234,-1.7704927921295166,3.0838449001312256,1.6696077585220337
c1ccc(-n2c3ccccc3c3cc(-c4c(-c5c6ccccc6c(-c6cccc(-n7c8ccccc8c8ccccc87)c6)c6ccccc56)ccc5ccccc45)ccc32)cc1,-5.139418601989746,-1.7756357192993164,3.0837249755859375,1.6837921142578125
c1ccc(-n2c3ccccc3c3ccc(-c4c(-c5c6ccccc6c(-c6cccc(-n7c8ccccc8c8ccccc87)c6)c6ccccc56)ccc5ccccc45)cc32)cc1,-5.199820041656494,-1.79677414894104,3.0946826934814453,1.6734800338745117
c1ccc(-n2c3ccccc3c3cccc(-c4c(-c5c6ccccc6c(-c6cccc(-n7c8ccccc8c8ccccc87)c6)c6ccccc56)ccc5ccccc45)c32)cc1,-5.200017929077148,-1.7642165422439575,3.1380345821380615,1.6794229745864868
c1cc(-c2c3ccccc3c(-c3ccc4ccccc4c3-c3ccccc3-n3c4ccccc4c4ccccc43)c3ccccc23)cc(-n2c3ccccc3c3ccccc32)c1,-5.33021879196167,-1.8664451837539673,3.0703423023223877,1.6651387214660645
c1cc(-c2c(-c3c4ccccc4c(-c4cccc(-n5c6ccccc6c6ccccc65)c4)c4ccccc34)ccc3ccccc23)cc(-n2c3ccccc3c3ccccc32)c1,-5.3328537940979,-1.870619773864746,3.1122870445251465,1.6807498931884766
c1ccc(-n2c3ccccc3c3ccc(-c4ccc(-c5c6ccccc6c(-c6cccc7c6c6ccccc6n7-c6ccccc6)c6ccccc56)c5ccccc45)cc32)cc1,-5.054359436035156,-1.7321383953094482,3.0951616764068604,1.6673150062561035
c1cc(-c2c3ccccc3c(-c3ccc4ccccc4c3-c3ccc(-n4c5ccccc5c5ccccc54)cc3)c3ccccc23)cc(-n2c3ccccc3c3ccccc32)c1,-5.349452495574951,-1.8967132568359375,3.0854616165161133,1.6867289543151855
c1ccc(-n2c3ccccc3c3c(-c4ccc5cc(-c6c7ccccc7c(-c7cccc(-n8c9ccccc9c9ccccc98)c7)c7ccccc67)ccc5c4)cccc32)cc1,-5.1969218254089355,-1.8143823146820068,3.129591703414917,1.6747684478759766
c1ccc(-n2c3ccccc3c3cc(-c4ccc5cc(-c6c7ccccc7c(-c7cccc(-n8c9ccccc9c9ccccc98)c7)c7ccccc67)ccc5c4)ccc32)cc1,-5.176074504852295,-1.8465694189071655,3.120250701904297,1.678931713104248
c1ccc(-n2c3ccccc3c3ccc(-c4ccc5cc(-c6c7ccccc7c(-c7cccc(-n8c9ccccc9c9ccccc98)c7)c7ccccc67)ccc5c4)cc32)cc1,-5.2180657386779785,-1.8279151916503906,3.139052391052246,1.6838198900222778
c1ccc(-n2c3ccccc3c3cccc(-c4ccc5cc(-c6c7ccccc7c(-c7cccc(-n8c9ccccc9c9ccccc98)c7)c7ccccc67)ccc5c4)c32)cc1,-5.250912666320801,-1.8250168561935425,3.145639181137085,1.6903263330459595
c1cc(-c2c3ccccc3c(-c3ccc4cc(-c5ccccc5-n5c6ccccc6c6ccccc65)ccc4c3)c3ccccc23)cc(-n2c3ccccc3c3ccccc32)c1,-5.2870965003967285,-1.8422108888626099,3.125220537185669,1.6857352256774902
c1cc(-c2ccc3cc(-c4c5ccccc5c(-c5cccc(-n6c7ccccc7c7ccccc76)c5)c5ccccc45)ccc3c2)cc(-n2c3ccccc3c3ccccc32)c1,-5.294210433959961,-1.8704862594604492,3.1301307678222656,1.6870509386062622
c1cc(-c2c3ccccc3c(-c3ccc4cc(-c5ccc(-n6c7ccccc7c7ccccc76)cc5)ccc4c3)c3ccccc23)cc(-n2c3ccccc3c3ccccc32)c1,-5.309228420257568,-1.8892167806625366,3.1058201789855957,1.6745764017105103
c1ccc(-n2c3ccccc3c3c(-c4cccc5cc(-c6c7ccccc7c(-c7cccc(-n8c9ccccc9c9ccccc98)c7)c7ccccc67)ccc45)cccc32)cc1,-5.196658611297607,-1.796425461769104,3.1392321586608887,1.6685196161270142
c1ccc(-n2c3ccccc3c3cc(-c4cccc5cc(-c6c7ccccc7c(-c7cccc(-n8c9ccccc9c9ccccc98)c7)c7ccccc67)ccc45)ccc32)cc1,-5.177842140197754,-1.8547577857971191,3.11575984954834,1.680011510848999
c1ccc(-n2c3ccccc3c3c(-c4c5ccccc5c(-c5ccc(-c6cccc7c8ccccc8n(-c8ccccc8)c67)c6ccccc56)c5ccccc45)cccc32)cc1,-5.10051155090332,-1.7196732759475708,3.095101833343506,1.659881353378296
c1ccc(-n2c3ccccc3c3ccc(-c4cccc5cc(-c6c7ccccc7c(-c7cccc(-n8c9ccccc9c9ccccc98)c7)c7ccccc67)ccc45)cc32)cc1,-5.213016033172607,-1.801655650138855,3.1504292488098145,1.682148814201355
c1ccc(-n2c3ccccc3c3cccc(-c4cccc5cc(-c6c7ccccc7c(-c7cccc(-n8c9ccccc9c9ccccc98)c7)c7ccccc67)ccc45)c32)cc1,-5.223335266113281,-1.7909338474273682,3.1489923000335693,1.681105136871338
c1cc(-c2c3ccccc3c(-c3ccc4c(-c5ccccc5-n5c6ccccc6c6ccccc65)cccc4c3)c3ccccc23)cc(-n2c3ccccc3c3ccccc32)c1,-5.291136741638184,-1.8215737342834473,3.1359987258911133,1.6777797937393188
c1cc(-c2cccc3cc(-c4c5ccccc5c(-c5cccc(-n6c7ccccc7c7ccccc76)c5)c5ccccc45)ccc23)cc(-n2c3ccccc3c3ccccc32)c1,-5.30720853805542,-1.858789324760437,3.1343820095062256,1.6823265552520752
c1cc(-c2c3ccccc3c(-c3ccc4c(-c5ccc(-n6c7ccccc7c7ccccc76)cc5)cccc4c3)c3ccccc23)cc(-n2c3ccccc3c3ccccc32)c1,-5.316254615783691,-1.8904588222503662,3.103365182876587,1.6813715696334839
c1ccc(-n2c3ccccc3c3c(-c4ccc(-c5c6ccccc6c(-c6cccc(-n7c8ccccc8c8ccccc87)c6)c6ccccc56)c5ccccc45)cccc32)cc1,-5.204013824462891,-1.7852243185043335,3.1421661376953125,1.6757367849349976
c1ccc(-n2c3ccccc3c3cc(-c4ccc(-c5c6ccccc6c(-c6cccc(-n7c8ccccc8c8ccccc87)c6)c6ccccc56)c5ccccc45)ccc32)cc1,-5.1956048011779785,-1.8156026601791382,3.1248013973236084,1.6811329126358032
c1ccc(-n2c3ccccc3c3ccc(-c4ccc(-c5c6ccccc6c(-c6cccc(-n7c8ccccc8c8ccccc87)c6)c6ccccc56)c5ccccc45)cc32)cc1,-5.218197822570801,-1.7910209894180298,3.1481540203094482,1.6842362880706787
c1ccc(-n2c3ccccc3c3cccc(-c4ccc(-c5c6ccccc6c(-c6cccc(-n7c8ccccc8c8ccccc87)c6)c6ccccc56)c5ccccc45)c32)cc1,-5.258202075958252,-1.7914568185806274,3.1394715309143066,1.6914700269699097
c1cc(-c2c3ccccc3c(-c3ccc(-c4ccccc4-n4c5ccccc5c5ccccc54)c4ccccc34)c3ccccc23)cc(-n2c3ccccc3c3ccccc32)c1,-5.311336517333984,-1.8222928047180176,3.121328592300415,1.6754122972488403
c1ccc(-n2c3ccccc3c3c(-c4c5ccccc5c(-c5ccc(-c6ccccc6-n6c7ccccc7c7ccccc76)c6ccccc56)c5ccccc45)cccc32)cc1,-5.126178741455078,-1.7307437658309937,3.07222843170166,1.6549626588821411
c1cc(-c2ccc(-c3c4ccccc4c(-c4cccc(-n5c6ccccc6c6ccccc65)c4)c4ccccc34)c3ccccc23)cc(-n2c3ccccc3c3ccccc32)c1,-5.330657958984375,-1.8446189165115356,3.138214111328125,1.6838587522506714
c1cc(-c2c3ccccc3c(-c3ccc(-c4ccc(-n5c6ccccc6c6ccccc65)cc4)c4ccccc34)c3ccccc23)cc(-n2c3ccccc3c3ccccc32)c1,-5.339967727661133,-1.8823739290237427,3.0952816009521484,1.6789233684539795
c1ccc(-n2c3ccccc3c3c(-c4cc(-c5c6ccccc6c(-c6cccc(-n7c8ccccc8c8ccccc87)c6)c6ccccc56)c5ccccc5c4)cccc32)cc1,-5.215738773345947,-1.7706670761108398,3.154860258102417,1.681166172027588
c1ccc(-n2c3ccccc3c3cc(-c4cc(-c5c6ccccc6c(-c6cccc(-n7c8ccccc8c8ccccc87)c6)c6ccccc56)c5ccccc5c4)ccc32)cc1,-5.194616794586182,-1.8004353046417236,3.139411687850952,1.6860793828964233
c1ccc(-n2c3ccccc3c3ccc(-c4cc(-c5c6ccccc6c(-c6cccc(-n7c8ccccc8c8ccccc87)c6)c6ccccc56)c5ccccc5c4)cc32)cc1,-5.223247528076172,-1.7844833135604858,3.16384220123291,1.6861015558242798
c1ccc(-n2c3ccccc3c3cccc(-c4cc(-c5c6ccccc6c(-c6cccc(-n7c8ccccc8c8ccccc87)c6)c6ccccc56)c5ccccc5c4)c32)cc1,-5.249419689178467,-1.7741538286209106,3.1687521934509277,1.7008966207504272
c1cc(-c2c3ccccc3c(-c3cc(-c4ccccc4-n4c5ccccc5c5ccccc54)cc4ccccc34)c3ccccc23)cc(-n2c3ccccc3c3ccccc32)c1,-5.343480587005615,-1.8152539730072021,3.1180951595306396,1.6968994140625
c1cc(-c2cc(-c3c4ccccc4c(-c4cccc(-n5c6ccccc6c6ccccc65)c4)c4ccccc34)c3ccccc3c2)cc(-n2c3ccccc3c3ccccc32)c1,-5.355600357055664,-1.8390510082244873,3.145519256591797,1.6908371448516846
c1cc(-c2c3ccccc3c(-c3cc(-c4ccc(-n5c6ccccc6c6ccccc65)cc4)cc4ccccc34)c3ccccc23)cc(-n2c3ccccc3c3ccccc32)c1,-5.354722023010254,-1.8733737468719482,3.122526168823242,1.6918474435806274
c1ccc(-n2c3ccccc3c3c(-c4ccc5ccccc5c4-c4c5ccccc5c(-c5cccc(-n6c7ccccc7c7ccccc76)c5)c5ccccc45)cccc32)cc1,-5.152476787567139,-1.7636064291000366,3.074683427810669,1.6709401607513428
c1ccc(-n2c3ccccc3c3c(-c4c5ccccc5c(-c5cc(-c6ccccc6-n6c7ccccc7c7ccccc76)c6ccccc6c5)c5ccccc45)cccc32)cc1,-5.113399982452393,-1.7682263851165771,3.0685160160064697,1.6500439643859863
c1ccc(-n2c3ccccc3c3c(-c4c5ccccc5c(-c5ccc(-c6cccc(-n7c8ccccc8c8ccccc87)c6)c6ccccc56)c5ccccc45)cccc32)cc1,-5.130043029785156,-1.755935549736023,3.109412670135498,1.6727652549743652
c1ccc(-n2c3ccccc3c3cc(-c4ccc5ccccc5c4-c4c5ccccc5c(-c5cccc(-n6c7ccccc7c7ccccc76)c5)c5ccccc45)ccc32)cc1,-5.152405738830566,-1.783873200416565,3.1003711223602295,1.6774396896362305
c1ccc(-n2c3ccccc3c3ccc(-c4ccc5ccccc5c4-c4c5ccccc5c(-c5cccc(-n6c7ccccc7c7ccccc76)c5)c5ccccc45)cc32)cc1,-5.182079315185547,-1.7864446640014648,3.1065385341644287,1.677804708480835
c1ccc(-n2c3ccccc3c3cccc(-c4ccc5ccccc5c4-c4c5ccccc5c(-c5cccc(-n6c7ccccc7c7ccccc76)c5)c5ccccc45)c32)cc1,-5.20056676864624,-1.766482949256897,3.1199512481689453,1.6795146465301514
c1cc(-c2c3ccccc3c(-c3c(-c4ccccc4-n4c5ccccc5c5ccccc54)ccc4ccccc34)c3ccccc23)cc(-n2c3ccccc3c3ccccc32)c1,-5.337684154510498,-1.8731340169906616,3.0626778602600098,1.663312315940857
c1cc(-c2ccc3ccccc3c2-c2c3ccccc3c(-c3cccc(-n4c5ccccc5c5ccccc54)c3)c3ccccc23)cc(-n2c3ccccc3c3ccccc32)c1,-5.333907604217529,-1.8585714101791382,3.129472017288208,1.6770997047424316
c1cc(-c2c3ccccc3c(-c3c(-c4ccc(-n5c6ccccc6c6ccccc65)cc4)ccc4ccccc34)c3ccccc23)cc(-n2c3ccccc3c3ccccc32)c1,-5.355775833129883,-1.8905678987503052,3.105760097503662,1.6873729228973389
c1ccc(-n2c3ccccc3c3c(-c4ccc5c(-c6c7ccccc7c(-c7cccc(-n8c9ccccc9c9ccccc98)c7)c7ccccc67)cccc5c4)cccc32)cc1,-5.222325325012207,-1.792197823524475,3.153902292251587,1.6666765213012695
c1ccc(-n2c3ccccc3c3cc(-c4ccc5c(-c6c7ccccc7c(-c7cccc(-n8c9ccccc9c9ccccc98)c7)c7ccccc67)cccc5c4)ccc32)cc1,-5.195780277252197,-1.8313584327697754,3.131927013397217,1.6768943071365356
c1ccc(-n2c3ccccc3c3ccc(-c4ccc5c(-c6c7ccccc7c(-c7cccc(-n8c9ccccc9c9ccccc98)c7)c7ccccc67)cccc5c4)cc32)cc1,-5.220920085906982,-1.7996071577072144,3.145279884338379,1.6843305826187134
c1ccc(-n2c3ccccc3c3cccc(-c4ccc5c(-c6c7ccccc7c(-c7cccc(-n8c9ccccc9c9ccccc98)c7)c7ccccc67)cccc5c4)c32)cc1,-5.2561821937561035,-1.8015248775482178,3.1527047157287598,1.683892011642456
c1ccc(-n2c3ccccc3c3c(-c4c5ccccc5c(-c5ccc(-c6ccc(-n7c8ccccc8c8ccccc87)cc6)c6ccccc56)c5ccccc45)cccc32)cc1,-5.141021251678467,-1.7738922834396362,3.094982147216797,1.666715383529663
c1cc(-c2c3ccccc3c(-c3cccc4cc(-c5ccccc5-n5c6ccccc6c6ccccc65)ccc34)c3ccccc23)cc(-n2c3ccccc3c3ccccc32)c1,-5.28331995010376,-1.8078010082244873,3.134801149368286,1.681960105895996
c1cc(-c2ccc3c(-c4c5ccccc5c(-c5cccc(-n6c7ccccc7c7ccccc76)c5)c5ccccc45)cccc3c2)cc(-n2c3ccccc3c3ccccc32)c1,-5.320733547210693,-1.859127163887024,3.1416871547698975,1.6770538091659546
c1cc(-c2c3ccccc3c(-c3cccc4cc(-c5ccc(-n6c7ccccc7c7ccccc76)cc5)ccc34)c3ccccc23)cc(-n2c3ccccc3c3ccccc32)c1,-5.340670108795166,-1.8859479427337646,3.0990538597106934,1.677188515663147
c1ccc(-n2c3ccccc3c3c(-c4cccc5c(-c6c7ccccc7c(-c7cccc(-n8c9ccccc9c9ccccc98)c7)c7ccccc67)cccc45)cccc32)cc1,-5.225574970245361,-1.7680519819259644,3.170907735824585,1.6700657606124878
c1ccc(-n2c3ccccc3c3cc(-c4cccc5c(-c6c7ccccc7c(-c7cccc(-n8c9ccccc9c9ccccc98)c7)c7ccccc67)cccc45)ccc32)cc1,-5.216616630554199,-1.798779010772705,3.153902292251587,1.674181580543518
c1ccc(-n2c3ccccc3c3ccc(-c4cccc5c(-c6c7ccccc7c(-c7cccc(-n8c9ccccc9c9ccccc98)c7)c7ccccc67)cccc45)cc32)cc1,-5.237826824188232,-1.7711900472640991,3.169949769973755,1.6812494993209839
c1ccc(-n2c3ccccc3c3cccc(-c4cccc5c(-c6c7ccccc7c(-c7cccc(-n8c9ccccc9c9ccccc98)c7)c7ccccc67)cccc45)c32)cc1,-5.2657551765441895,-1.765175461769104,3.155818462371826,1.689604640007019
c1cc(-c2c3ccccc3c(-c3cccc4c(-c5ccccc5-n5c6ccccc6c6ccccc65)cccc34)c3ccccc23)cc(-n2c3ccccc3c3ccccc32)c1,-5.318713665008545,-1.804575800895691,3.144680976867676,1.681166172027588
c1cc(-c2cccc3c(-c4c5ccccc5c(-c5cccc(-n6c7ccccc7c7ccccc76)c5)c5ccccc45)cccc23)cc(-n2c3ccccc3c3ccccc32)c1,-5.328725814819336,-1.8335158824920654,3.1486330032348633,1.679547905921936
c1cc(-c2c3ccccc3c(-c3cccc4c(-c5ccc(-n6c7ccccc7c7ccccc76)cc5)cccc34)c3ccccc23)cc(-n2c3ccccc3c3ccccc32)c1,-5.340494632720947,-1.8586640357971191,3.1110293865203857,1.6803001165390015
c1ccc(-n2c3ccccc3c3c(-c4cc(-c5c6ccccc6c(-c6cccc7c6c6ccccc6n7-c6ccccc6)c6ccccc56)c5ccccc5c4)cccc32)cc1,-5.08342981338501,-1.709997534751892,3.1089935302734375,1.6596370935440063
c1ccc(-n2c3ccccc3c3c(-c4cc(-c5c6ccccc6c(-c6ccc(-n7c8ccccc8c8ccccc87)cc6)c6ccccc56)cc5ccccc45)cccc32)cc1,-5.157175064086914,-1.8115493059158325,3.12510085105896,1.6581603288650513
c1ccc(-n2c3ccccc3c3cc(-c4cc(-c5c6ccccc6c(-c6ccc(-n7c8ccccc8c8ccccc87)cc6)c6ccccc56)cc5ccccc45)ccc32)cc1,-5.156765460968018,-1.8307263851165771,3.128633737564087,1.6706265211105347
c1ccc(-n2c3ccccc3c3ccc(-c4cc(-c5c6ccccc6c(-c6ccc(-n7c8ccccc8c8ccccc87)cc6)c6ccccc56)cc5ccccc45)cc32)cc1,-5.181728363037109,-1.8271524906158447,3.1302504539489746,1.6707013845443726
c1ccc(-n2c3ccccc3c3cccc(-c4cc(-c5c6ccccc6c(-c6ccc(-n7c8ccccc8c8ccccc87)cc6)c6ccccc56)cc5ccccc45)c32)cc1,-5.196329116821289,-1.8109827041625977,3.1323461532592773,1.6740005016326904
c1ccc(-n2c3ccccc3c3ccccc32)c(-c2cc(-c3c4ccccc4c(-c4ccc(-n5c6ccccc6c6ccccc65)cc4)c4ccccc34)cc3ccccc23)c1,-5.2491559982299805,-1.8602957725524902,3.0763301849365234,1.6594594717025757
c1cc(-c2cc(-c3c4ccccc4c(-c4ccc(-n5c6ccccc6c6ccccc65)cc4)c4ccccc34)cc3ccccc23)cc(-n2c3ccccc3c3ccccc32)c1,-5.3000946044921875,-1.8904153108596802,3.1234242916107178,1.673810362815857
c1ccc2c(-c3ccc(-n4c5ccccc5c5ccccc54)cc3)cc(-c3c4ccccc4c(-c4ccc(-n5c6ccccc6c6ccccc65)cc4)c4ccccc34)cc2c1,-5.323544025421143,-1.912795901298523,3.089233875274658,1.6748603582382202
c1ccc(-n2c3ccccc3c3c(-c4cc5ccccc5cc4-c4c5ccccc5c(-c5ccc(-n6c7ccccc7c7ccccc76)cc5)c5ccccc45)cccc32)cc1,-5.112763404846191,-1.821639060974121,3.039445161819458,1.660925030708313
c1ccc(-n2c3ccccc3c3cc(-c4cc5ccccc5cc4-c4c5ccccc5c(-c5ccc(-n6c7ccccc7c7ccccc76)cc5)c5ccccc45)ccc32)cc1,-5.1229071617126465,-1.83275306224823,3.059953451156616,1.6770163774490356
c1ccc(-n2c3ccccc3c3ccc(-c4cc5ccccc5cc4-c4c5ccccc5c(-c5ccc(-n6c7ccccc7c7ccccc76)cc5)c5ccccc45)cc32)cc1,-5.147223949432373,-1.8414263725280762,3.0677974224090576,1.671553611755371
c1ccc(-n2c3ccccc3c3cc(-c4cc(-c5c6ccccc6c(-c6cccc7c6c6ccccc6n7-c6ccccc6)c6ccccc56)c5ccccc5c4)ccc32)cc1,-5.064898490905762,-1.7409424781799316,3.11246657371521,1.6598702669143677
c1ccc(-n2c3ccccc3c3cccc(-c4cc5ccccc5cc4-c4c5ccccc5c(-c5ccc(-n6c7ccccc7c7ccccc76)cc5)c5ccccc45)c32)cc1,-5.174284934997559,-1.840881586074829,3.0706117153167725,1.6657605171203613
c1ccc(-n2c3ccccc3c3ccccc32)c(-c2cc3ccccc3cc2-c2c3ccccc3c(-c3ccc(-n4c5ccccc5c5ccccc54)cc3)c3ccccc23)c1,-5.311248779296875,-1.9417794942855835,3.0089969635009766,1.6616023778915405
c1cc(-c2cc3ccccc3cc2-c2c3ccccc3c(-c3ccc(-n4c5ccccc5c5ccccc54)cc3)c3ccccc23)cc(-n2c3ccccc3c3ccccc32)c1,-5.310633659362793,-1.943479299545288,3.0625879764556885,1.6688083410263062
c1ccc2cc(-c3c4ccccc4c(-c4ccc(-n5c6ccccc6c6ccccc65)cc4)c4ccccc34)c(-c3ccc(-n4c5ccccc5c5ccccc54)cc3)cc2c1,-5.338123321533203,-1.9533729553222656,3.049893856048584,1.678870677947998
c1ccc(-n2c3ccccc3c3c(-c4c(-c5c6ccccc6c(-c6ccc(-n7c8ccccc8c8ccccc87)cc6)c6ccccc56)ccc5ccccc45)cccc32)cc1,-5.1478495597839355,-1.795815348625183,3.0469746589660645,1.6544075012207031
c1ccc(-n2c3ccccc3c3cc(-c4c(-c5c6ccccc6c(-c6ccc(-n7c8ccccc8c8ccccc87)cc6)c6ccccc56)ccc5ccccc45)ccc32)cc1,-5.14853572845459,-1.7946821451187134,3.0618693828582764,1.6761537790298462
c1ccc(-n2c3ccccc3c3ccc(-c4c(-c5c6ccccc6c(-c6ccc(-n7c8ccccc8c8ccccc87)cc6)c6ccccc56)ccc5ccccc45)cc32)cc1,-5.175723075866699,-1.8039655685424805,3.0738749504089355,1.6643449068069458
c1ccc(-n2c3ccccc3c3cccc(-c4c(-c5c6ccccc6c(-c6ccc(-n7c8ccccc8c8ccccc87)cc6)c6ccccc56)ccc5ccccc45)c32)cc1,-5.1854166984558105,-1.7921541929244995,3.101868152618408,1.6696994304656982
c1ccc(-n2c3ccccc3c3ccccc32)c(-c2c(-c3c4ccccc4c(-c4ccc(-n5c6ccccc6c6ccccc65)cc4)c4ccccc34)ccc3ccccc23)c1,-5.314146995544434,-1.9005268812179565,3.019850015640259,1.6611360311508179
c1cc(-c2c(-c3c4ccccc4c(-c4ccc(-n5c6ccccc6c6ccccc65)cc4)c4ccccc34)ccc3ccccc23)cc(-n2c3ccccc3c3ccccc32)c1,-5.33197546005249,-1.8956236839294434,3.071150541305542,1.6739941835403442
c1ccc(-n2c3ccccc3c3ccc(-c4cc(-c5c6ccccc6c(-c6cccc7c6c6ccccc6n7-c6ccccc6)c6ccccc56)c5ccccc5c4)cc32)cc1,-5.097437858581543,-1.7248163223266602,3.1201908588409424,1.671126127243042
c1ccc2c(-c3ccc(-n4c5ccccc5c5ccccc54)cc3)c(-c3c4ccccc4c(-c4ccc(-n5c6ccccc6c6ccccc65)cc4)c4ccccc34)ccc2c1,-5.358410835266113,-1.9117498397827148,3.0572588443756104,1.682082176208496
c1ccc(-n2c3ccccc3c3c(-c4ccc5cc(-c6c7ccccc7c(-c7ccc(-n8c9ccccc9c9ccccc98)cc7)c7ccccc67)ccc5c4)cccc32)cc1,-5.18124532699585,-1.8362398147583008,3.1134843826293945,1.6703072786331177
c1ccc(-n2c3ccccc3c3cc(-c4ccc5cc(-c6c7ccccc7c(-c7ccc(-n8c9ccccc9c9ccccc98)cc7)c7ccccc67)ccc5c4)ccc32)cc1,-5.157583236694336,-1.8706225156784058,3.1132450103759766,1.6673094034194946
c1ccc(-n2c3ccccc3c3ccc(-c4ccc5cc(-c6c7ccccc7c(-c7ccc(-n8c9ccccc9c9ccccc98)cc7)c7ccccc67)ccc5c4)cc32)cc1,-5.187876224517822,-1.8477352857589722,3.119652032852173,1.6722573041915894
c1ccc(-n2c3ccccc3c3cccc(-c4ccc5cc(-c6c7ccccc7c(-c7ccc(-n8c9ccccc9c9ccccc98)cc7)c7ccccc67)ccc5c4)c32)cc1,-5.217275619506836,-1.8447061777114868,3.127795457839966,1.6729068756103516
c1ccc(-n2c3ccccc3c3ccccc32)c(-c2ccc3cc(-c4c5ccccc5c(-c5ccc(-n6c7ccccc7c7ccccc76)cc5)c5ccccc45)ccc3c2)c1,-5.252141952514648,-1.8728126287460327,3.0907907485961914,1.673051118850708
c1cc(-c2ccc3cc(-c4c5ccccc5c(-c5ccc(-n6c7ccccc7c7ccccc76)cc5)c5ccccc45)ccc3c2)cc(-n2c3ccccc3c3ccccc32)c1,-5.268389701843262,-1.8930739164352417,3.1109695434570312,1.6754660606384277
c1ccc2c(-c3ccc4cc(-c5ccc(-n6c7ccccc7c7ccccc76)cc5)ccc4c3)c3ccccc3c(-c3ccc(-n4c5ccccc5c5ccccc54)cc3)c2c1,-5.290258407592773,-1.9075875282287598,3.083425521850586,1.666782021522522
c1ccc(-n2c3ccccc3c3c(-c4cccc5cc(-c6c7ccccc7c(-c7ccc(-n8c9ccccc9c9ccccc98)cc7)c7ccccc67)ccc45)cccc32)cc1,-5.168527126312256,-1.8198739290237427,3.1189932823181152,1.6585378646850586
c1ccc(-n2c3ccccc3c3cc(-c4cccc5cc(-c6c7ccccc7c(-c7ccc(-n8c9ccccc9c9ccccc98)cc7)c7ccccc67)ccc45)ccc32)cc1,-5.152899742126465,-1.8626220226287842,3.11150860786438,1.665893793106079
c1ccc(-n2c3ccccc3c3c(-c4c5ccccc5c(-c5cc(-c6cccc7c8ccccc8n(-c8ccccc8)c67)cc6ccccc56)c5ccccc45)cccc32)cc1,-5.101214408874512,-1.7140073776245117,3.1192328929901123,1.672942876815796
c1ccc(-n2c3ccccc3c3ccc(-c4cccc5cc(-c6c7ccccc7c(-c7ccc(-n8c9ccccc9c9ccccc98)cc7)c7ccccc67)ccc45)cc32)cc1,-5.185768127441406,-1.8205276727676392,3.1221070289611816,1.6687694787979126
c1ccc(-n2c3ccccc3c3cccc(-c4cccc5cc(-c6c7ccccc7c(-c7ccc(-n8c9ccccc9c9ccccc98)cc7)c7ccccc67)ccc45)c32)cc1,-5.184758186340332,-1.8180433511734009,3.1205501556396484,1.6685141324996948
c1ccc(-n2c3ccccc3c3ccccc32)c(-c2cccc3cc(-c4c5ccccc5c(-c5ccc(-n6c7ccccc7c7ccccc76)cc5)c5ccccc45)ccc23)c1,-5.2531962394714355,-1.860658049583435,3.091329574584961,1.6622352600097656
c1cc(-c2cccc3cc(-c4c5ccccc5c(-c5ccc(-n6c7ccccc7c7ccccc76)cc5)c5ccccc45)ccc23)cc(-n2c3ccccc3c3ccccc32)c1,-5.2742743492126465,-1.8760488033294678,3.113185167312622,1.6746094226837158
c1cc(-c2ccc(-n3c4ccccc4c4ccccc43)cc2)c2ccc(-c3c4ccccc4c(-c4ccc(-n5c6ccccc6c6ccccc65)cc4)c4ccccc34)cc2c1,-5.288940906524658,-1.920074462890625,3.077467679977417,1.669002652168274
c1ccc(-n2c3ccccc3c3c(-c4ccc(-c5c6ccccc6c(-c6ccc(-n7c8ccccc8c8ccccc87)cc6)c6ccccc56)c5ccccc45)cccc32)cc1,-5.169355869293213,-1.8127260208129883,3.1131253242492676,1.6624128818511963
c1ccc(-n2c3ccccc3c3cc(-c4ccc(-c5c6ccccc6c(-c6ccc(-n7c8ccccc8c8ccccc87)cc6)c6ccccc56)c5ccccc45)ccc32)cc1,-5.171024322509766,-1.8251694440841675,3.1107900142669678,1.6686973571777344
c1ccc(-n2c3ccccc3c3ccc(-c4ccc(-c5c6ccccc6c(-c6ccc(-n7c8ccccc8c8ccccc87)cc6)c6ccccc56)c5ccccc45)cc32)cc1,-5.190027713775635,-1.810895562171936,3.1168975830078125,1.6690359115600586
c1ccc(-n2c3ccccc3c3cccc(-c4ccc(-c5c6ccccc6c(-c6ccc(-n7c8ccccc8c8ccccc87)cc6)c6ccccc56)c5ccccc45)c32)cc1,-5.223335266113281,-1.8209198713302612,3.1075565814971924,1.6743602752685547
c1ccc(-n2c3ccccc3c3ccccc32)c(-c2ccc(-c3c4ccccc4c(-c4ccc(-n5c6ccccc6c6ccccc65)cc4)c4ccccc34)c3ccccc23)c1,-5.274186134338379,-1.8585224151611328,3.082228183746338,1.6668486595153809
c1ccc(-n2c3ccccc3c3c(-c4c5ccccc5c(-c5cc(-c6ccccc6-n6c7ccccc7c7ccccc76)cc6ccccc56)c5ccccc45)cccc32)cc1,-5.151878833770752,-1.7425987720489502,3.080970525741577,1.6763502359390259
c1cc(-c2ccc(-c3c4ccccc4c(-c4ccc(-n5c6ccccc6c6ccccc65)cc4)c4ccccc34)c3ccccc23)cc(-n2c3ccccc3c3ccccc32)c1,-5.299304485321045,-1.8695166110992432,3.1048619747161865,1.6770483255386353
c1ccc2c(-c3c4ccccc4c(-c4ccc(-n5c6ccccc6c6ccccc65)cc4)c4ccccc34)ccc(-c3ccc(-n4c5ccccc5c5ccccc54)cc3)c2c1,-5.3252129554748535,-1.9056698083877563,3.0669891834259033,1.6721490621566772
c1ccc(-n2c3ccccc3c3c(-c4cc(-c5c6ccccc6c(-c6ccc(-n7c8ccccc8c8ccccc87)cc6)c6ccccc56)c5ccccc5c4)cccc32)cc1,-5.186427116394043,-1.7945513725280762,3.1321663856506348,1.6727222204208374
c1ccc(-n2c3ccccc3c3cc(-c4cc(-c5c6ccccc6c(-c6ccc(-n7c8ccccc8c8ccccc87)cc6)c6ccccc56)c5ccccc5c4)ccc32)cc1,-5.162027835845947,-1.8163000345230103,3.125579833984375,1.6774091720581055
c1ccc(-n2c3ccccc3c3ccc(-c4cc(-c5c6ccccc6c(-c6ccc(-n7c8ccccc8c8ccccc87)cc6)c6ccccc56)c5ccccc5c4)cc32)cc1,-5.211566925048828,-1.8112006187438965,3.134082555770874,1.6819212436676025
c1ccc(-n2c3ccccc3c3cccc(-c4cc(-c5c6ccccc6c(-c6ccc(-n7c8ccccc8c8ccccc87)cc6)c6ccccc56)c5ccccc5c4)c32)cc1,-5.217978000640869,-1.8031810522079468,3.1373159885406494,1.6895380020141602
c1ccc(-n2c3ccccc3c3ccccc32)c(-c2cc(-c3c4ccccc4c(-c4ccc(-n5c6ccccc6c6ccccc65)cc4)c4ccccc34)c3ccccc3c2)c1,-5.29974365234375,-1.8499253988265991,3.080252170562744,1.6861404180526733
c1cc(-c2cc(-c3c4ccccc4c(-c4ccc(-n5c6ccccc6c6ccccc65)cc4)c4ccccc34)c3ccccc3c2)cc(-n2c3ccccc3c3ccccc32)c1,-5.32187557220459,-1.8689227104187012,3.1250410079956055,1.6860405206680298
c1ccc2c(-c3c4ccccc4c(-c4ccc(-n5c6ccccc6c6ccccc65)cc4)c4ccccc34)cc(-c3ccc(-n4c5ccccc5c5ccccc54)cc3)cc2c1,-5.343304634094238,-1.892834186553955,3.0956408977508545,1.6858961582183838
c1ccc(-n2c3ccccc3c3c(-c4ccc5ccccc5c4-c4c5ccccc5c(-c5ccc(-n6c7ccccc7c7ccccc76)cc5)c5ccccc45)cccc32)cc1,-5.1414384841918945,-1.7913696765899658,3.054624319076538,1.6534526348114014
c1ccc(-n2c3ccccc3c3c(-c4c5ccccc5c(-c5cc(-c6cccc(-n7c8ccccc8c8ccccc87)c6)cc6ccccc56)c5ccccc45)cccc32)cc1,-5.142107963562012,-1.7541921138763428,3.1216280460357666,1.679089903831482
c1ccc(-n2c3ccccc3c3cc(-c4ccc5ccccc5c4-c4c5ccccc5c(-c5ccc(-n6c7ccccc7c7ccccc76)cc5)c5ccccc45)ccc32)cc1,-5.152817249298096,-1.8119415044784546,3.0665698051452637,1.6706236600875854
c1ccc(-n2c3ccccc3c3ccc(-c4ccc5ccccc5c4-c4c5ccccc5c(-c5ccc(-n6c7ccccc7c7ccccc76)cc5)c5ccccc45)cc32)cc1,-5.174131393432617,-1.8071036338806152,3.080012559890747,1.6599812507629395
c1ccc(-n2c3ccccc3c3cccc(-c4ccc5ccccc5c4-c4c5ccccc5c(-c5ccc(-n6c7ccccc7c7ccccc76)cc5)c5ccccc45)c32)cc1,-5.186273097991943,-1.7946821451187134,3.080491542816162,1.6611138582229614
c1ccc(-n2c3ccccc3c3ccccc32)c(-c2ccc3ccccc3c2-c2c3ccccc3c(-c3ccc(-n4c5ccccc5c5ccccc54)cc3)c3ccccc23)c1,-5.316166877746582,-1.8991321325302124,3.035193681716919,1.6630568504333496
c1cc(-c2ccc3ccccc3c2-c2c3ccccc3c(-c3ccc(-n4c5ccccc5c5ccccc54)cc3)c3ccccc23)cc(-n2c3ccccc3c3ccccc32)c1,-5.331448554992676,-1.8976067304611206,3.0854015350341797,1.6671372652053833
c1ccc2c(-c3c4ccccc4c(-c4ccc(-n5c6ccccc6c6ccccc65)cc4)c4ccccc34)c(-c3ccc(-n4c5ccccc5c5ccccc54)cc3)ccc2c1,-5.357005596160889,-1.9157160520553589,3.0712103843688965,1.6777228116989136
c1ccc(-n2c3ccccc3c3c(-c4ccc5c(-c6c7ccccc7c(-c7ccc(-n8c9ccccc9c9ccccc98)cc7)c7ccccc67)cccc5c4)cccc32)cc1,-5.198920249938965,-1.80366051197052,3.1267175674438477,1.6582047939300537
c1ccc(-n2c3ccccc3c3cc(-c4ccc5c(-c6c7ccccc7c(-c7ccc(-n8c9ccccc9c9ccccc98)cc7)c7ccccc67)cccc5c4)ccc32)cc1,-5.175591468811035,-1.8394651412963867,3.1138436794281006,1.6681255102157593
c1ccc(-n2c3ccccc3c3ccc(-c4ccc5c(-c6c7ccccc7c(-c7ccc(-n8c9ccccc9c9ccccc98)cc7)c7ccccc67)cccc5c4)cc32)cc1,-5.211610794067383,-1.8189150094985962,3.125699758529663,1.675025463104248
c1ccc(-n2c3ccccc3c3cccc(-c4ccc5c(-c6c7ccccc7c(-c7ccc(-n8c9ccccc9c9ccccc98)cc7)c7ccccc67)cccc5c4)c32)cc1,-5.21780252456665,-1.8276537656784058,3.1199512481689453,1.665177583694458
c1ccc(-n2c3ccccc3c3c(-c4c5ccccc5c(-c5cc(-c6ccc(-n7c8ccccc8c8ccccc87)cc6)cc6ccccc56)c5ccccc45)cccc32)cc1,-5.168598175048828,-1.770056962966919,3.124262571334839,1.669291377067566
c1ccc(-n2c3ccccc3c3ccccc32)c(-c2ccc3c(-c4c5ccccc5c(-c5ccc(-n6c7ccccc7c7ccccc76)cc5)c5ccccc45)cccc3c2)c1,-5.248146057128906,-1.844139575958252,3.092766761779785,1.6669763326644897
c1cc(-c2ccc3c(-c4c5ccccc5c(-c5ccc(-n6c7ccccc7c7ccccc76)cc5)c5ccccc45)cccc3c2)cc(-n2c3ccccc3c3ccccc32)c1,-5.285691261291504,-1.8772963285446167,3.11013126373291,1.670654296875
c1cc(-c2c3ccccc3c(-c3ccc(-n4c5ccccc5c5ccccc54)cc3)c3ccccc23)c2ccc(-c3ccc(-n4c5ccccc5c5ccccc54)cc3)cc2c1,-5.3201189041137695,-1.9065415859222412,3.075551748275757,1.6698631048202515
c1ccc(-n2c3ccccc3c3c(-c4cccc5c(-c6c7ccccc7c(-c7ccc(-n8c9ccccc9c9ccccc98)cc7)c7ccccc67)cccc45)cccc32)cc1,-5.195780277252197,-1.795466661453247,3.1355795860290527,1.6567169427871704
c1ccc(-n2c3ccccc3c3cc(-c4cccc5c(-c6c7ccccc7c(-c7ccc(-n8c9ccccc9c9ccccc98)cc7)c7ccccc67)cccc45)ccc32)cc1,-5.183045387268066,-1.819132924079895,3.1239631175994873,1.662879228591919
c1ccc(-n2c3ccccc3c3ccc(-c4cccc5c(-c6c7ccccc7c(-c7ccc(-n8c9ccccc9c9ccccc98)cc7)c7ccccc67)cccc45)cc32)cc1,-5.20594596862793,-1.7939411401748657,3.1349806785583496,1.6684919595718384
c1ccc(-n2c3ccccc3c3cccc(-c4cccc5c(-c6c7ccccc7c(-c7ccc(-n8c9ccccc9c9ccccc98)cc7)c7ccccc67)cccc45)c32)cc1,-5.228824615478516,-1.804052710533142,3.1201908588409424,1.6736180782318115
c1ccc(-n2c3ccccc3c3ccccc32)c(-c2cccc3c(-c4c5ccccc5c(-c5ccc(-n6c7ccccc7c7ccccc76)cc5)c5ccccc45)cccc23)c1,-5.273922920227051,-1.8343439102172852,3.1019279956817627,1.6689082384109497
c1cc(-c2cccc3c(-c4c5ccccc5c(-c5ccc(-n6c7ccccc7c7ccccc76)cc5)c5ccccc45)cccc23)cc(-n2c3ccccc3c3ccccc32)c1,-5.29341983795166,-1.8550519943237305,3.1140832901000977,1.6722420454025269
c1cc(-c2c3ccccc3c(-c3ccc(-n4c5ccccc5c5ccccc54)cc3)c3ccccc23)c2cccc(-c3ccc(-n4c5ccccc5c5ccccc54)cc3)c2c1,-5.323017120361328,-1.8910690546035767,3.082347869873047,1.6659826040267944
c1ccc(-n2c3ccccc3c3c(-c4ccc5ccccc5c4-c4c5ccccc5c(-c5cccc6c5c5ccccc5n6-c5ccccc5)c5ccccc45)cccc32)cc1,-4.988051414489746,-1.6899486780166626,3.0386366844177246,1.6267049312591553
c1ccc(-n2c3ccccc3c3c(-c4c5ccccc5c(-c5cc(-c6cccc(-n7c8ccccc8c8ccccc87)c6)c6ccccc6c5)c5ccccc45)cccc32)cc1,-5.136300563812256,-1.7739795446395874,3.121927261352539,1.6703988313674927
c1ccc(-n2c3ccccc3c3cc(-c4ccc5ccccc5c4-c4c5ccccc5c(-c5cccc6c5c5ccccc5n6-c5ccccc5)c5ccccc45)ccc32)cc1,-5.003859996795654,-1.708341360092163,3.0523488521575928,1.6405839920043945
c1ccc(-n2c3ccccc3c3ccc(-c4ccc5ccccc5c4-c4c5ccccc5c(-c5cccc6c5c5ccccc5n6-c5ccccc5)c5ccccc45)cc32)cc1,-5.037936210632324,-1.7156635522842407,3.0715997219085693,1.6446921825408936
c1ccc(-n2c3ccccc3c3c(-c4c5ccccc5c(-c5c(-c6cccc7c8ccccc8n(-c8ccccc8)c67)ccc6ccccc56)c5ccccc45)cccc32)cc1,-5.0576090812683105,-1.7086900472640991,3.0786354541778564,1.6446921825408936
c1ccc(-n2c3ccccc3c3c(-c4c5ccccc5c(-c5c(-c6ccccc6-n6c7ccccc7c7ccccc76)ccc6ccccc56)c5ccccc45)cccc32)cc1,-5.152586936950684,-1.7674418687820435,3.04770827293396,1.648267388343811
c1ccc(-n2c3ccccc3c3c(-c4c5ccccc5c(-c5c(-c6cccc(-n7c8ccccc8c8ccccc87)c6)ccc6ccccc56)c5ccccc45)cccc32)cc1,-5.1414713859558105,-1.755935549736023,3.100670576095581,1.6486670970916748
c1ccc(-n2c3ccccc3c3c(-c4c5ccccc5c(-c5c(-c6ccc(-n7c8ccccc8c8ccccc87)cc6)ccc6ccccc56)c5ccccc45)cccc32)cc1,-5.1592559814453125,-1.770841360092163,3.0885751247406006,1.655295729637146
c1ccc(-n2c3ccccc3c3c(-c4ccc5c(-c6c7ccccc7c(-c7cccc8c7c7ccccc7n8-c7ccccc7)c7ccccc67)cccc5c4)cccc32)cc1,-5.075262069702148,-1.7025882005691528,3.0937845706939697,1.6566059589385986
c1ccc(-n2c3ccccc3c3cc(-c4ccc5c(-c6c7ccccc7c(-c7cccc8c7c7ccccc7n8-c7ccccc7)c7ccccc67)cccc5c4)ccc32)cc1,-5.049002170562744,-1.743208885192871,3.0781264305114746,1.6616801023483276
c1ccc(-n2c3ccccc3c3ccc(-c4ccc5c(-c6c7ccccc7c(-c7cccc8c7c7ccccc7n8-c7ccccc7)c7ccccc67)cccc5c4)cc32)cc1,-5.086108207702637,-1.7406810522079468,3.119173049926758,1.6586155891418457
c1ccc(-n2c3ccccc3c3c(-c4c5ccccc5c(-c5cccc6cc(-c7cccc8c9ccccc9n(-c9ccccc9)c78)ccc56)c5ccccc45)cccc32)cc1,-5.09673547744751,-1.7377172708511353,3.101508855819702,1.6606364250183105
c1ccc(-n2c3ccccc3c3c(-c4c5ccccc5c(-c5cc(-c6ccc(-n7c8ccccc8c8ccccc87)cc6)c6ccccc6c5)c5ccccc45)cccc32)cc1,-5.143622875213623,-1.7777713537216187,3.1101911067962646,1.6699742078781128
c1ccc(-n2c3ccccc3c3c(-c4c5ccccc5c(-c5cccc6cc(-c7ccccc7-n7c8ccccc8c8ccccc87)ccc56)c5ccccc45)cccc32)cc1,-5.106264114379883,-1.748351812362671,3.0783958435058594,1.6550625562667847
c1ccc(-n2c3ccccc3c3c(-c4c5ccccc5c(-c5cccc6cc(-c7cccc(-n8c9ccccc9c9ccccc98)c7)ccc56)c5ccccc45)cccc32)cc1,-5.115639686584473,-1.7538435459136963,3.113065242767334,1.6747914552688599
c1ccc(-n2c3ccccc3c3c(-c4c5ccccc5c(-c5cccc6cc(-c7ccc(-n8c9ccccc9c9ccccc98)cc7)ccc56)c5ccccc45)cccc32)cc1,-5.155051231384277,-1.7819554805755615,3.1085145473480225,1.6615689992904663
c1ccc(-n2c3ccccc3c3c(-c4cccc5c(-c6c7ccccc7c(-c7cccc8c7c7ccccc7n8-c7ccccc7)c7ccccc67)cccc45)cccc32)cc1,-5.06788444519043,-1.686200499534607,3.0980358123779297,1.6479564905166626
c1ccc(-n2c3ccccc3c3cc(-c4cccc5c(-c6c7ccccc7c(-c7cccc8c7c7ccccc7n8-c7ccccc7)c7ccccc67)cccc45)ccc32)cc1,-5.058135986328125,-1.7384146451950073,3.087677001953125,1.658293604850769
c1ccc(-n2c3ccccc3c3ccc(-c4cccc5c(-c6c7ccccc7c(-c7cccc8c7c7ccccc7n8-c7ccccc7)c7ccccc67)cccc45)cc32)cc1,-5.059980392456055,-1.6990143060684204,3.107017755508423,1.6615468263626099
c1ccc(-n2c3ccccc3c3c(-c4c5ccccc5c(-c5cccc6c(-c7cccc8c9ccccc9n(-c9ccccc9)c78)cccc56)c5ccccc45)cccc32)cc1,-5.080136299133301,-1.6945686340332031,3.0983352661132812,1.6594150066375732
c1ccc(-n2c3ccccc3c3c(-c4c5ccccc5c(-c5cccc6c(-c7ccccc7-n7c8ccccc8c8ccccc87)cccc56)c5ccccc45)cccc32)cc1,-5.10420036315918,-1.708341360092163,3.076120615005493,1.6519536972045898
c1ccc(-n2c3ccccc3c3c(-c4c5ccccc5c(-c5cccc6c(-c7cccc(-n8c9ccccc9c9ccccc98)c7)cccc56)c5ccccc45)cccc32)cc1,-5.115639686584473,-1.732312798500061,3.111867904663086,1.66643226146698
c1ccc(-n2c3ccccc3c3c(-c4c5ccccc5c(-c5cccc6c(-c7ccc(-n8c9ccccc9c9ccccc98)cc7)cccc56)c5ccccc45)cccc32)cc1,-5.138485431671143,-1.7613400220870972,3.1125264167785645,1.6663434505462646
c1ccc(-n2c3ccccc3c3c(-c4cc5ccccc5cc4-c4c5ccccc5c(-c5cccc6c5c5ccccc5n6-c5ccccc5)c5ccccc45)cccc32)cc1,-4.964777946472168,-1.7298721075057983,3.0118448734283447,1.6467351913452148
c1ccc(-n2c3ccccc3c3cc(-c4c5ccccc5c(-c5cc(-c6cccc7c6c6ccccc6n7-c6ccccc6)c6ccccc6c5)c5ccccc45)ccc32)cc1,-5.044698715209961,-1.731615424156189,3.118035316467285,1.6588376760482788
c1ccc(-n2c3ccccc3c3cc(-c4cc(-c5c6ccccc6c(-c6ccc7c(c6)c6ccccc6n7-c6ccccc6)c6ccccc56)cc5ccccc45)ccc32)cc1,-5.041625022888184,-1.7556740045547485,3.1362383365631104,1.6700102090835571
c1ccc(-n2c3ccccc3c3cc(-c4c5ccccc5c(-c5cc(-c6ccc7c8ccccc8n(-c8ccccc8)c7c6)c6ccccc6c5)c5ccccc45)ccc32)cc1,-5.058750629425049,-1.738850474357605,3.136417865753174,1.6727527379989624
c1ccc(-n2c3ccccc3c3cc(-c4c5ccccc5c(-c5cc(-c6cccc7c8ccccc8n(-c8ccccc8)c67)c6ccccc6c5)c5ccccc45)ccc32)cc1,-5.070563316345215,-1.726733922958374,3.1310887336730957,1.6712538003921509
c1ccc(-n2c3ccccc3c3cc(-c4c5ccccc5c(-c5cc(-c6ccccc6-n6c7ccccc7c7ccccc76)c6ccccc6c5)c5ccccc45)ccc32)cc1,-5.08070707321167,-1.7690109014511108,3.0827670097351074,1.6597259044647217
c1ccc(-n2c3ccccc3c3cc(-c4c5ccccc5c(-c5cc(-c6cccc(-n7c8ccccc8c8ccccc87)c6)c6ccccc6c5)c5ccccc45)ccc32)cc1,-5.135268688201904,-1.7751998901367188,3.1511478424072266,1.6829816102981567
c1ccc(-n2c3ccccc3c3cc(-c4c5ccccc5c(-c5cc(-c6ccc(-n7c8ccccc8c8ccccc87)cc6)c6ccccc6c5)c5ccccc45)ccc32)cc1,-5.140845775604248,-1.7863575220108032,3.1412081718444824,1.6791176795959473
c1ccc(-n2c3ccccc3c3cc(-c4c5ccccc5c(-c5cc6ccccc6cc5-c5cccc6c5c5ccccc5n6-c5ccccc5)c5ccccc45)ccc32)cc1,-4.963021278381348,-1.7350150346755981,3.0309200286865234,1.6583157777786255
c1ccc(-n2c3ccccc3c3cc(-c4cc5ccccc5cc4-c4c5ccccc5c(-c5ccc6c(c5)c5ccccc5n6-c5ccccc5)c5ccccc45)ccc32)cc1,-4.964075088500977,-1.7615143060684204,3.029797315597534,1.6686196327209473
c1ccc(-n2c3ccccc3c3cc(-c4c5ccccc5c(-c5cc6ccccc6cc5-c5ccc6c7ccccc7n(-c7ccccc7)c6c5)c5ccccc45)ccc32)cc1,-4.981903553009033,-1.7627347707748413,3.044445037841797,1.667892336845398
c1ccc(-n2c3ccccc3c3cc(-c4cc5ccccc5cc4-c4c5ccccc5c(-c5cccc6c5c5ccccc5n6-c5ccccc5)c5ccccc45)ccc32)cc1,-4.9591569900512695,-1.7496594190597534,3.015845537185669,1.6460912227630615
c1ccc(-n2c3ccccc3c3cc(-c4c5ccccc5c(-c5cc6ccccc6cc5-c5cccc6c7ccccc7n(-c7ccccc7)c56)c5ccccc45)ccc32)cc1,-5.015452861785889,-1.7684006690979004,3.050372838973999,1.6576051712036133
c1ccc(-n2c3ccccc3c3cc(-c4c5ccccc5c(-c5cc6ccccc6cc5-c5ccccc5-n5c6ccccc6c6ccccc65)c5ccccc45)ccc32)cc1,-5.1150031089782715,-1.8172152042388916,3.032693862915039,1.6508212089538574
c1ccc(-n2c3ccccc3c3cc(-c4c5ccccc5c(-c5cc6ccccc6cc5-c5cccc(-n6c7ccccc7c7ccccc76)c5)c5ccccc45)ccc32)cc1,-5.1082844734191895,-1.8107211589813232,3.0943233966827393,1.670371174812317
c1ccc(-n2c3ccccc3c3cc(-c4c5ccccc5c(-c5cc6ccccc6cc5-c5ccc(-n6c7ccccc7c7ccccc76)cc5)c5ccccc45)ccc32)cc1,-5.113685607910156,-1.8071907758712769,3.0882158279418945,1.681388258934021
c1ccc(-n2c3ccccc3c3cc(-c4c5ccccc5c(-c5ccc6ccccc6c5-c5cccc6c5c5ccccc5n6-c5ccccc5)c5ccccc45)ccc32)cc1,-4.9951653480529785,-1.6904717683792114,3.049774169921875,1.6634122133255005
c1ccc(-n2c3ccccc3c3cc(-c4c(-c5c6ccccc6c(-c6ccc7c(c6)c6ccccc6n7-c6ccccc6)c6ccccc56)ccc5ccccc45)ccc32)cc1,-4.990686416625977,-1.7090387344360352,3.041226387023926,1.6616356372833252
c1ccc(-n2c3ccccc3c3cc(-c4c5ccccc5c(-c5ccc6ccccc6c5-c5ccc6c7ccccc7n(-c7ccccc7)c6c5)c5ccccc45)ccc32)cc1,-5.0151896476745605,-1.7113922834396362,3.073485851287842,1.6672316789627075
c1ccc(-n2c3ccccc3c3cc(-c4c5ccccc5c(-c5ccc6ccccc6c5-c5cccc6c7ccccc7n(-c7ccccc7)c56)c5ccccc45)ccc32)cc1,-5.044610977172852,-1.7086900472640991,3.0940840244293213,1.6647001504898071
c1ccc(-n2c3ccccc3c3cc(-c4c5ccccc5c(-c5ccc6ccccc6c5-c5ccccc5-n5c6ccccc6c6ccccc65)c5ccccc45)ccc32)cc1,-5.117879390716553,-1.7622116804122925,3.046645402908325,1.6617244482040405
c1ccc(-n2c3ccccc3c3cc(-c4c5ccccc5c(-c5ccc6ccccc6c5-c5cccc(-n6c7ccccc7c7ccccc76)c5)c5ccccc45)ccc32)cc1,-5.137189865112305,-1.7600325345993042,3.109532594680786,1.6790010929107666
c1ccc(-n2c3ccccc3c3ccc(-c4cc5ccccc5cc4-c4c5ccccc5c(-c5cccc6c5c5ccccc5n6-c5ccccc5)c5ccccc45)cc32)cc1,-5.002893924713135,-1.757940411567688,3.0417354106903076,1.6488447189331055
c1ccc(-n2c3ccccc3c3cc(-c4c5ccccc5c(-c5ccc6ccccc6c5-c5ccc(-n6c7ccccc7c7ccccc76)cc5)c5ccccc45)ccc32)cc1,-5.149051666259766,-1.7565457820892334,3.1105504035949707,1.687650442123413
c1ccc(-n2c3ccccc3c3cc(-c4c5ccccc5c(-c5ccc6cc(-c7cccc8c7c7ccccc7n8-c7ccccc7)ccc6c5)c5ccccc45)ccc32)cc1,-5.0471577644348145,-1.7633448839187622,3.1039040088653564,1.6693079471588135
c1ccc(-n2c3ccccc3c3cc(-c4ccc5cc(-c6c7ccccc7c(-c7ccc8c(c7)c7ccccc7n8-c7ccccc7)c7ccccc67)ccc5c4)ccc32)cc1,-5.050934314727783,-1.7930694818496704,3.117795705795288,1.6755791902542114
c1ccc(-n2c3ccccc3c3cc(-c4c5ccccc5c(-c5ccc6cc(-c7ccc8c9ccccc9n(-c9ccccc9)c8c7)ccc6c5)c5ccccc45)ccc32)cc1,-5.0612101554870605,-1.7743282318115234,3.120250701904297,1.6796034574508667
c1ccc(-n2c3ccccc3c3cc(-c4c5ccccc5c(-c5ccc6cc(-c7cccc8c9ccccc9n(-c9ccccc9)c78)ccc6c5)c5ccccc45)ccc32)cc1,-5.079257965087891,-1.7588993310928345,3.133244276046753,1.6785986423492432
c1ccc(-n2c3ccccc3c3cc(-c4c5ccccc5c(-c5ccc6cc(-c7ccccc7-n7c8ccccc8c8ccccc87)ccc6c5)c5ccccc45)ccc32)cc1,-5.095901012420654,-1.7698825597763062,3.105999708175659,1.6792564392089844
c1ccc(-n2c3ccccc3c3cc(-c4c5ccccc5c(-c5ccc6cc(-c7cccc(-n8c9ccccc9c9ccccc98)c7)ccc6c5)c5ccccc45)ccc32)cc1,-5.111928939819336,-1.801306962966919,3.1234841346740723,1.6832536458969116
c1ccc(-n2c3ccccc3c3cc(-c4c5ccccc5c(-c5ccc6cc(-c7ccc(-n8c9ccccc9c9ccccc98)cc7)ccc6c5)c5ccccc45)ccc32)cc1,-5.126881122589111,-1.8108519315719604,3.1294121742248535,1.6749895811080933
c1ccc(-n2c3ccccc3c3cc(-c4c5ccccc5c(-c5ccc6c(-c7cccc8c7c7ccccc7n8-c7ccccc7)cccc6c5)c5ccccc45)ccc32)cc1,-5.0475969314575195,-1.7325743436813354,3.117436408996582,1.6634676456451416
c1ccc(-n2c3ccccc3c3cc(-c4cccc5cc(-c6c7ccccc7c(-c7ccc8c(c7)c7ccccc7n8-c7ccccc7)c7ccccc67)ccc45)ccc32)cc1,-5.033105850219727,-1.790236473083496,3.10917329788208,1.672054648399353
